"","Season","Name","Team","POS","GP","GS","INN","TC","RF/G","RF/9","TE","CERA","CI"
"1","2024","Felipe Acosta","DUR","P",15,0,"17.0",1,"0.07","0.53",0,NA,NA
"2","2024","Abel Adames","CAM","P",13,0,"11.1",3,"0.23","2.45",0,NA,NA
"3","2024","Jose Adames","TIG","P",32,0,"33.1",6,"0.19","1.64",0,NA,NA
"4","2024","Samuel Adames","LEO","P",12,0,"11.2",6,"0.50","4.91",0,NA,NA
"5","2024","Micker Adolfo","LEO","RF",26,25,"213.2",41,"1.58","1.73",0,NA,NA
"6","2024","Miguel Aguilar","JAL","P",35,0,"28.2",10,"0.29","3.21",0,NA,NA
"7","2024","Ryan Aguilar","LAR","LF",8,6,"44.2",3,"0.38","0.61",0,NA,NA
"8","2024","Ryan Aguilar","LAR","RF",3,0,"9.0",1,"0.33","1.00",0,NA,NA
"9","2024","Al Alburquerque","TAB","P",20,0,"18.0",3,"0.15","1.50",0,NA,NA
"10","2024","Elkin Alcala","JAL","P",25,0,"24.2",3,"0.12","1.13",0,NA,NA
"11","2024","Ismael Alcantara","AGS","RF",1,0,"4.0",2,"2.00","4.50",0,NA,NA
"12","2024","Reza Aleaziz","OAX","P",38,0,"31.2",4,"0.11","1.16",0,NA,NA
"13","2024","Tyler Alexander","SLT","P",7,7,"31.0",4,"0.57","1.16",0,NA,NA
"14","2024","Diogenes Almengo","CAM","P",35,0,"36.0",6,"0.17","1.50",0,NA,NA
"15","2024","Abraham Almonte","TAB","LF",11,11,"92.0",23,"2.09","2.25",0,NA,NA
"16","2024","Cristian Alvarado","PUE","P",9,0,"8.0",1,"0.11","1.13",0,NA,NA
"17","2024","Samuel Alvarado","PUE","P",20,0,"19.2",1,"0.05","0.47",0,NA,NA
"18","2024","Abiel Amador","AGS","LF",1,0,"3.0",1,"1.00","3.00",0,NA,NA
"19","2024","Abiel Amador","AGS","CF",2,0,"4.0",1,"0.50","2.25",0,NA,NA
"20","2024","Japhet Amador","MEX","1B",2,2,"18.0",16,"8.00","8.00",0,NA,NA
"21","2024","Daniel Amaral","MVA","LF",4,1,"14.1",4,"1.00","2.57",0,NA,NA
"22","2024","Daniel Amaral","MVA","CF",28,21,"192.2",47,"1.68","2.20",0,NA,NA
"23","2024","Daniel Amaral","MVA","RF",7,3,"34.2",14,"2.00","3.71",0,NA,NA
"24","2024","Shaun Anderson","TAB","P",1,1,"7.0",1,"1.00","1.29",0,NA,NA
"25","2024","Tanner Anderson","MTY","P",18,18,"90.1",15,"0.83","1.50",0,NA,NA
"26","2024","Merfy Andrew","CAM","P",9,0,"9.1",1,"0.11","1.00",0,NA,NA
"27","2024","Fabian Anguamea","VER","P",13,0,"12.2",1,"0.08","0.75",0,NA,NA
"28","2024","Nestor Anguamea","JAL","P",28,0,"29.2",4,"0.14","1.24",0,NA,NA
"29","2024","Tomohiro Anraku","MEX","P",47,0,"46.1",10,"0.21","1.96",0,NA,NA
"30","2024","Elvis Araujo","VER","P",11,10,"50.0",5,"0.45","0.90",0,NA,NA
"31","2024","Omar Araujo","LAG","P",17,2,"30.0",2,"0.12","0.60",0,NA,NA
"32","2024","Carlos Arellano","VER","3B",4,1,"12.0",3,"0.75","2.25",0,NA,NA
"33","2024","Carlos Arellano","VER","LF",4,1,"13.0",3,"0.75","2.08",0,NA,NA
"34","2024","Diosbel Arias","MEX","2B",2,1,"10.1",5,"2.50","4.50",0,NA,NA
"35","2024","Jonathan Aro","JAL","P",17,0,"16.2",1,"0.06","0.56",0,NA,NA
"36","2024","Baltazar Arredondo","DUR","P",10,0,"9.1",3,"0.30","3.00",0,NA,NA
"37","2024","Yeison Asencio","SLT","RF",1,0,"4.0",3,"3.00","6.75",0,NA,NA
"38","2024","Willians Astudillo","SLT","1B",21,16,"148.0",148,"7.05","9.00",0,NA,NA
"39","2024","Willians Astudillo","SLT","LF",1,0,"6.0",2,"2.00","3.00",0,NA,NA
"40","2024","Michael Baca","TAB","SS",6,1,"14.1",15,"2.50","9.64",0,NA,NA
"41","2024","Carlos Baez","JAL","LF",5,0,"6.0",1,"0.20","1.50",0,NA,NA
"42","2024","Carlos Baez","JAL","CF",4,0,"10.0",2,"0.50","1.80",0,NA,NA
"43","2024","Michel Baez","MTY","P",7,0,"6.0",1,"0.14","1.50",0,NA,NA
"44","2024","Alejandro Barraza","LAR","P",21,0,"22.2",7,"0.33","2.86",0,NA,NA
"45","2024","Manny Barreda","TIJ","P",13,11,"46.2",5,"0.38","0.98",0,NA,NA
"46","2024","Luis Barrera","CAM","CF",29,28,"250.2",57,"1.97","2.05",0,NA,NA
"47","2024","Franklin Barreto","MEX","CF",76,75,"647.0",155,"2.04","2.16",0,NA,NA
"48","2024","Raul Barron","TIG","P",34,0,"30.2",7,"0.21","2.10",0,NA,NA
"49","2024","Tyler Beardsley","AGS","P",8,8,"31.0",12,"1.50","3.48",0,NA,NA
"50","2024","Cal Becker","DUR","P",2,2,"7.0",1,"0.50","1.29",0,NA,NA
"51","2024","Carlos Belen","MTY","P",46,0,"38.1",8,"0.17","1.89",0,NA,NA
"52","2024","Engel Beltre","CAM","LF",14,11,"105.0",23,"1.64","1.97",0,NA,NA
"53","2024","Engel Beltre","CAM","CF",5,5,"42.0",9,"1.80","1.93",0,NA,NA
"54","2024","Carlos Betancourt","OAX","P",7,0,"6.0",1,"0.14","1.50",0,NA,NA
"55","2024","Daniel Bies","LEO","P",23,5,"40.0",8,"0.35","1.80",0,NA,NA
"56","2024","Bryan Blanton","SLT","P",13,0,"11.2",1,"0.08","0.82",0,NA,NA
"57","2024","Esteban Bloch","OAX","P",48,0,"57.0",9,"0.19","1.42",0,NA,NA
"58","2024","Anthony Boix","CHI","P",5,1,"5.1",1,"0.20","1.80",0,NA,NA
"59","2024","Ronald Bolaños","LAG","P",9,7,"26.0",2,"0.22","0.69",0,NA,NA
"60","2024","Rigoberto Borbolla","TIG","P",23,0,"19.0",1,"0.04","0.47",0,NA,NA
"61","2024","Ernesto Borges","CAM","P",18,0,"29.1",7,"0.39","2.17",0,NA,NA
"62","2024","Manuel Boscan","DUR","1B",3,3,"26.0",33,"11.00","11.42",0,NA,NA
"63","2024","Wilfredo Boscan","QRO","P",15,12,"52.0",8,"0.53","1.38",0,NA,NA
"64","2024","Michael Boyle","YUC","P",22,0,"19.2",5,"0.23","2.37",0,NA,NA
"65","2024","Silvino Bracho","TIJ","P",44,0,"41.2",3,"0.07","0.66",0,NA,NA
"66","2024","Bobby Bradley","TIJ","RF",4,3,"23.1",1,"0.25","0.39",0,NA,NA
"67","2024","Edgar Bravo","CAM","1B",1,0,"1.0",2,"2.00","18.00",0,NA,NA
"68","2024","Edgar Bravo","CAM","CF",6,3,"26.2",7,"1.17","2.42",0,NA,NA
"69","2024","Edgar Bravo","CAM","RF",15,11,"98.0",36,"2.40","3.31",0,NA,NA
"70","2024","Jose Bravo","MEX","P",11,11,"52.1",14,"1.27","2.42",0,NA,NA
"71","2024","Liarvis Breto","CHI","P",39,0,"34.1",4,"0.10","1.06",0,NA,NA
"72","2024","Lewis Brinson","TAB","LF",6,2,"23.0",7,"1.17","2.74",0,NA,NA
"73","2024","Lewis Brinson","AGS","CF",1,1,"9.0",4,"4.00","4.00",0,NA,NA
"74","2024","Lewis Brinson","AGS","RF",4,4,"32.0",8,"2.00","2.25",0,NA,NA
"75","2024","Geoff Broussard","LAR","P",45,0,"42.0",9,"0.20","1.93",0,NA,NA
"76","2024","Victor Buelna","VER","P",14,0,"15.2",3,"0.21","1.80",0,NA,NA
"77","2024","Enrique Burgos","OAX","P",9,0,"10.0",2,"0.22","1.80",0,NA,NA
"78","2024","Samuel Burgos","MVA","P",3,0,"5.2",1,"0.33","1.80",0,NA,NA
"79","2024","Fernando Burgueno","TIG","P",16,0,"21.2",2,"0.13","0.86",0,NA,NA
"80","2024","Sergio Burruel","CHI","C",34,33,"270.2",231,"6.79","7.70",0,"5.75",0
"81","2024","Carlos Bustamante","MVA","P",25,0,"22.2",2,"0.08","0.82",0,NA,NA
"82","2024","Omar Bustamante","MVA","C",2,1,"4.0",4,"2.00","9.00",0,"9.00",0
"83","2024","Leobaldo Cabrera","AGS","CF",9,7,"65.0",21,"2.33","2.91",0,NA,NA
"84","2024","Leobaldo Cabrera","AGS","RF",2,2,"15.0",5,"2.50","3.00",0,NA,NA
"85","2024","Ramón Cabrera","YUC","C",3,3,"27.0",27,"9.00","9.00",0,"4.00",0
"86","2024","Angel Camacho","YUC","1B",2,0,"4.0",3,"1.50","6.75",0,NA,NA
"87","2024","Angel Camacho","YUC","3B",5,3,"33.0",13,"2.60","3.55",0,NA,NA
"88","2024","Angel Camacho","YUC","SS",7,4,"40.0",20,"2.86","4.50",0,NA,NA
"89","2024","Angel Camacho","YUC","LF",12,0,"24.0",3,"0.25","1.13",0,NA,NA
"90","2024","Angel Camacho","YUC","RF",8,1,"22.0",2,"0.25","0.82",0,NA,NA
"91","2024","Jose Camacho","LEO","1B",2,0,"5.1",5,"2.50","9.00",0,NA,NA
"92","2024","Juan Camacho","JAL","C",6,5,"37.1",41,"6.83","9.97",0,"11.09",0
"93","2024","A.J. Candelario","QRO","P",35,0,"36.0",2,"0.06","0.50",0,NA,NA
"94","2024","Malquin Canelo","VER","2B",3,2,"20.0",12,"4.00","5.40",0,NA,NA
"95","2024","Malquin Canelo","VER","3B",4,1,"15.0",4,"1.00","2.40",0,NA,NA
"96","2024","Malquin Canelo","VER","SS",3,0,"5.0",2,"0.67","3.60",0,NA,NA
"97","2024","Roberto Caro","TIG","LF",18,17,"146.1",37,"2.06","2.28",0,NA,NA
"98","2024","Roberto Caro","TIG","CF",4,4,"37.1",5,"1.25","1.22",0,NA,NA
"99","2024","Roberto Caro","TIG","RF",11,10,"89.0",16,"1.45","1.62",0,NA,NA
"100","2024","Alberto Carreon","VER","2B",8,6,"54.0",29,"3.63","4.83",0,NA,NA
"101","2024","Alberto Carreon","VER","3B",2,0,"3.0",3,"1.50","9.00",0,NA,NA
"102","2024","Raul Carrillo","TIG","P",16,14,"63.0",6,"0.38","0.86",0,NA,NA
"103","2024","Erick Casillas","VER","P",43,0,"39.2",10,"0.23","2.31",0,NA,NA
"104","2024","Antonio Castaneda","OAX","LF",6,0,"17.0",4,"0.67","2.12",0,NA,NA
"105","2024","Gerardo Castaneda","PUE","C",3,0,"4.0",4,"1.33","9.00",0,"2.25",0
"106","2024","Ryan Castellani","LAG","P",7,7,"27.0",6,"0.86","2.00",0,NA,NA
"107","2024","Pedro Castellano","OAX","2B",2,0,"3.0",2,"1.00","6.00",0,NA,NA
"108","2024","Pedro Castellano","OAX","SS",5,0,"6.1",6,"1.20","9.00",0,NA,NA
"109","2024","Enrique Castillo","MTY","P",14,0,"17.0",2,"0.14","1.06",0,NA,NA
"110","2024","Johan Castillo","TIG","P",5,5,"22.1",6,"1.20","2.45",0,NA,NA
"111","2024","Luis Castillo","CAM","P",25,1,"30.1",9,"0.36","2.70",0,NA,NA
"112","2024","Moisés Castillo","AGS","2B",1,1,"7.0",5,"5.00","6.43",0,NA,NA
"113","2024","Moisés Castillo","AGS","3B",1,1,"6.0",2,"2.00","3.00",0,NA,NA
"114","2024","Rusney Castillo","QRO","LF",3,3,"26.0",1,"0.33","0.35",0,NA,NA
"115","2024","Rusney Castillo","QRO","CF",1,1,"9.0",1,"1.00","1.00",0,NA,NA
"116","2024","Yamil Castillo","CHI","P",10,0,"10.2",1,"0.10","0.90",0,NA,NA
"117","2024","Anthony Castro","CAM","P",14,0,"12.1",2,"0.14","1.50",0,NA,NA
"118","2024","Daniel Castro","MTY","SS",3,3,"27.0",10,"3.33","3.33",0,NA,NA
"119","2024","Harold Castro","TIJ","LF",23,19,"170.2",40,"1.74","2.12",0,NA,NA
"120","2024","Harold Castro","TIJ","RF",12,11,"91.1",12,"1.00","1.19",0,NA,NA
"121","2024","Linder Castro","QRO","P",21,4,"48.1",4,"0.19","0.75",0,NA,NA
"122","2024","Jorgan Cavanerio","QRO","P",9,0,"8.1",3,"0.33","3.38",0,NA,NA
"123","2024","Braulio Cavero","MVA","CF",2,0,"2.0",1,"0.50","4.50",0,NA,NA
"124","2024","Henry Centeno","CHI","P",14,13,"53.2",9,"0.64","1.53",0,NA,NA
"125","2024","Jhoulys Chacín","SLT","P",16,15,"77.1",20,"1.25","2.34",0,NA,NA
"126","2024","Angel Chavarin","CAM","C",16,8,"75.0",59,"3.69","7.08",0,"7.20",0
"127","2024","Angel Chavarin","CAM","1B",2,0,"2.1",3,"1.50","13.50",0,NA,NA
"128","2024","Jose Guadalupe Chavez","JAL","1B",1,0,"3.0",5,"5.00","15.00",0,NA,NA
"129","2024","Yaya Chentouf","AGS","P",14,0,"11.2",4,"0.29","3.27",0,NA,NA
"130","2024","Freddvil Chevez","DUR","1B",3,3,"25.0",23,"7.67","8.28",0,NA,NA
"131","2024","Freddvil Chevez","DUR","LF",4,1,"23.0",3,"0.75","1.17",0,NA,NA
"132","2024","Marcus Chiu","TIG","LF",1,1,"8.0",1,"1.00","1.13",0,NA,NA
"133","2024","Alex Claudio","MEX","P",32,0,"27.2",8,"0.25","2.67",0,NA,NA
"134","2024","Rogelio Cobos","PUE","LF",3,0,"5.0",2,"0.67","3.60",0,NA,NA
"135","2024","Rogelio Cobos","PUE","RF",9,0,"15.0",3,"0.33","1.80",0,NA,NA
"136","2024","Yeison Coca","YUC","2B",2,0,"9.0",5,"2.50","5.00",0,NA,NA
"137","2024","Yeison Coca","YUC","LF",9,3,"40.2",5,"0.56","1.13",0,NA,NA
"138","2024","Yeison Coca","YUC","CF",2,0,"2.0",1,"0.50","4.50",0,NA,NA
"139","2024","Carlos Contreras","AGS","P",7,0,"5.2",1,"0.14","1.80",0,NA,NA
"140","2024","Joe Corbett","DUR","P",16,0,"16.0",2,"0.13","1.13",0,NA,NA
"141","2024","Francisco Cordoba","MEX","C",13,7,"75.1",70,"5.38","8.40",0,"3.94",0
"142","2024","Jesus Cordova","JAL","C",7,0,"12.0",8,"1.14","6.00",0,"3.00",0
"143","2024","Rafael Cordova","MEX","P",28,0,"33.2",3,"0.11","0.82",0,NA,NA
"144","2024","Daniel Cornejo","AGS","CF",3,0,"9.0",2,"0.67","2.00",0,NA,NA
"145","2024","Daniel Cornejo","AGS","RF",35,27,"237.1",35,"1.00","1.33",0,NA,NA
"146","2024","Bryan Corral","MVA","LF",2,0,"2.0",2,"1.00","9.00",0,NA,NA
"147","2024","Pablo Cortes","CHI","P",8,0,"9.1",2,"0.25","2.00",0,NA,NA
"148","2024","Juan Cossio","TIG","P",37,0,"32.0",6,"0.16","1.69",0,NA,NA
"149","2024","Clark Cota","LAR","P",5,0,"5.0",1,"0.20","1.80",0,NA,NA
"150","2024","Fabian Cota","MTY","P",30,0,"26.0",5,"0.17","1.73",0,NA,NA
"151","2024","Justin Courtney","MEX","P",15,0,"14.1",1,"0.07","0.64",0,NA,NA
"152","2024","Narciso Crook","TIG","LF",1,1,"10.0",3,"3.00","2.70",0,NA,NA
"153","2024","Narciso Crook","TIG","RF",1,1,"8.0",2,"2.00","2.25",0,NA,NA
"154","2024","Daniel Cruz","LEO","P",34,0,"36.1",4,"0.12","1.00",0,NA,NA
"155","2024","Jesus Cruz","YUC","P",39,0,"36.1",4,"0.10","1.00",0,NA,NA
"156","2024","Romer Cuadrado","OAX","LF",17,15,"132.2",21,"1.24","1.43",0,NA,NA
"157","2024","Romer Cuadrado","MTY","1B",2,0,"5.0",9,"4.50","16.20",0,NA,NA
"158","2024","Oscar Cuello","LAR","P",7,0,"11.1",1,"0.14","0.82",0,NA,NA
"159","2024","Cesar Cuevas","TIG","SS",3,3,"21.0",7,"2.33","3.00",0,NA,NA
"160","2024","Allen Córdoba","LAG","2B",11,3,"45.0",25,"2.27","5.00",0,NA,NA
"161","2024","Allen Córdoba","LAG","3B",2,2,"14.0",3,"1.50","1.93",0,NA,NA
"162","2024","Allen Córdoba","LAG","LF",1,1,"8.0",3,"3.00","3.38",0,NA,NA
"163","2024","Tiago Da Silva","DUR","P",21,14,"64.1",16,"0.76","2.25",0,NA,NA
"164","2024","Kevin Davis","LEO","P",37,0,"40.0",7,"0.19","1.58",0,NA,NA
"165","2024","Yonathan Daza","OAX","CF",61,60,"520.2",152,"2.49","2.63",0,NA,NA
"166","2024","Yonathan Daza","LAR","LF",4,4,"31.0",4,"1.00","1.16",0,NA,NA
"167","2024","Yonathan Daza","LAR","RF",21,19,"164.1",33,"1.57","1.81",0,NA,NA
"168","2024","Adrian De Horta","OAX","P",12,4,"21.0",2,"0.17","0.86",0,NA,NA
"169","2024","Daniel De La Fuente","MTY","P",5,1,"9.0",2,"0.40","2.00",0,NA,NA
"170","2024","Alex Delgado","CHI","P",3,1,"6.1",2,"0.67","3.00",0,NA,NA
"171","2024","Kristian Delgado","CHI","3B",5,1,"15.2",2,"0.40","1.20",0,NA,NA
"172","2024","Kristian Delgado","CHI","SS",1,0,"2.0",1,"1.00","4.50",0,NA,NA
"173","2024","Kristian Delgado","CHI","RF",1,0,"1.0",1,"1.00","9.00",0,NA,NA
"174","2024","Randall Delgado","YUC","P",8,8,"36.1",5,"0.63","1.25",0,NA,NA
"175","2024","Odrisamer Despaigne","YUC","P",18,18,"98.2",30,"1.67","2.76",0,NA,NA
"176","2024","Eduardo Diaz","YUC","LF",3,2,"18.0",3,"1.00","1.50",0,NA,NA
"177","2024","Diego Dominguez","CAM","P",3,0,"2.1",2,"0.67","9.00",0,NA,NA
"178","2024","Yadir Drake","YUC","1B",2,1,"11.2",11,"5.50","9.00",0,NA,NA
"179","2024","Frank Duncan","DUR","P",12,11,"41.0",12,"1.00","2.63",0,NA,NA
"180","2024","Edwin Díaz","SLT","1B",1,0,"2.1",1,"1.00","4.50",0,NA,NA
"181","2024","Yennsy Díaz","VER","P",6,1,"5.2",2,"0.33","3.60",0,NA,NA
"182","2024","Norman Elenes","CAM","P",21,0,"21.1",5,"0.24","2.14",0,NA,NA
"183","2024","Sebastián Elizalde","MTY","LF",16,15,"122.1",21,"1.31","1.55",0,NA,NA
"184","2024","Sebastián Elizalde","MTY","CF",4,4,"26.2",4,"1.00","1.38",0,NA,NA
"185","2024","Jerar Encarnacion","OAX","LF",16,16,"127.0",21,"1.31","1.49",0,NA,NA
"186","2024","Jerar Encarnacion","OAX","RF",7,5,"46.1",11,"1.57","2.15",0,NA,NA
"187","2024","Angel Erro","TIG","1B",17,12,"102.0",95,"5.59","8.38",0,NA,NA
"188","2024","Luis Escobar","MVA","P",18,12,"63.2",9,"0.50","1.29",0,NA,NA
"189","2024","Julian Escobedo","LAG","CF",10,5,"49.0",18,"1.80","3.31",0,NA,NA
"190","2024","Julian Escobedo","LAG","RF",11,8,"77.0",14,"1.27","1.64",0,NA,NA
"191","2024","Raynel Espinal","AGS","P",6,4,"11.1",1,"0.17","0.82",0,NA,NA
"192","2024","Calvin Estrada","JAL","1B",1,1,"8.0",9,"9.00","10.13",0,NA,NA
"193","2024","Calvin Estrada","JAL","CF",11,5,"50.0",14,"1.27","2.52",0,NA,NA
"194","2024","Phillip Evans","TIJ","2B",2,2,"17.0",5,"2.50","2.65",0,NA,NA
"195","2024","Phillip Evans","TIJ","3B",17,17,"147.0",45,"2.65","2.76",0,NA,NA
"196","2024","Jesus Fabela","MEX","LF",4,1,"11.1",4,"1.00","3.27",0,NA,NA
"197","2024","Jeurys Familia","MEX","P",9,0,"9.0",2,"0.22","2.00",0,NA,NA
"198","2024","Jose Heberto Felix","TAB","C",30,25,"207.1",202,"6.73","8.78",0,"4.17",0
"199","2024","Neftalí Feliz","YUC","P",32,0,"35.1",8,"0.25","2.06",0,NA,NA
"200","2024","José Manuel Fernández","JAL","P",34,0,"25.1",6,"0.18","2.16",0,NA,NA
"201","2024","Julian Fernández","VER","P",34,0,"34.2",4,"0.12","1.06",0,NA,NA
"202","2024","Xavier Fernández","MEX","C",7,6,"48.2",56,"8.00","10.50",0,"3.88",0
"203","2024","Edwin Fierro","MEX","P",33,0,"33.0",9,"0.27","2.45",0,NA,NA
"204","2024","Carlos Figueroa","TIG","LF",36,35,"307.1",56,"1.56","1.64",0,NA,NA
"205","2024","Carlos Figueroa","TIG","CF",22,21,"173.1",39,"1.77","2.03",0,NA,NA
"206","2024","Bryant Flete","TIG","2B",1,1,"7.0",4,"4.00","5.14",0,NA,NA
"207","2024","Bryant Flete","TIG","RF",3,3,"22.0",6,"2.00","2.45",0,NA,NA
"208","2024","Wendell Floranus","DUR","P",45,0,"39.1",6,"0.13","1.38",0,NA,NA
"209","2024","Alejandro Flores","DUR","1B",1,0,"3.0",3,"3.00","9.00",0,NA,NA
"210","2024","Alejandro Flores","DUR","LF",3,1,"12.0",1,"0.33","0.75",0,NA,NA
"211","2024","Bernardo Flores Jr.","TIG","P",15,4,"26.2",4,"0.27","1.38",0,NA,NA
"212","2024","Fernando Flores","VER","C",20,13,"124.0",126,"6.30","9.15",0,"3.19",0
"213","2024","Fernando Flores","VER","1B",4,0,"12.0",10,"2.50","7.50",0,NA,NA
"214","2024","Jecksson Flores","MVA","2B",1,0,"1.0",2,"2.00","18.00",0,NA,NA
"215","2024","Jecksson Flores","MVA","LF",15,4,"56.2",12,"0.80","1.93",0,NA,NA
"216","2024","Jecksson Flores","MVA","RF",37,36,"310.2",71,"1.92","2.06",0,NA,NA
"217","2024","Oziel Flores","CHI","P",1,0,"1.0",1,"1.00","9.00",0,NA,NA
"218","2024","Oziel Flores","CHI","SS",4,0,"8.0",6,"1.50","6.75",0,NA,NA
"219","2024","Oziel Flores","CHI","LF",19,3,"59.0",17,"0.89","2.59",0,NA,NA
"220","2024","Oziel Flores","CHI","CF",11,8,"75.0",18,"1.64","2.16",0,NA,NA
"221","2024","Oziel Flores","CHI","RF",3,1,"10.0",5,"1.67","4.50",0,NA,NA
"222","2024","Ramón Flores","MEX","LF",6,4,"41.0",4,"0.67","0.88",0,NA,NA
"223","2024","Ramón Flores","MEX","CF",19,14,"137.0",34,"1.79","2.23",0,NA,NA
"224","2024","Ramón Flores","MEX","RF",24,20,"182.2",39,"1.63","1.93",0,NA,NA
"225","2024","Ti'Quan Forbes","QRO","1B",1,0,"1.0",1,"1.00","9.00",0,NA,NA
"226","2024","Ti'Quan Forbes","QRO","2B",6,4,"35.0",20,"3.33","5.14",0,NA,NA
"227","2024","Ti'Quan Forbes","QRO","3B",25,9,"99.2",32,"1.28","2.91",0,NA,NA
"228","2024","Ti'Quan Forbes","QRO","SS",6,2,"30.2",20,"3.33","6.00",0,NA,NA
"229","2024","Antonio Frias","CAM","P",13,4,"22.0",2,"0.15","0.82",0,NA,NA
"230","2024","Jose Frutos","OAX","P",24,0,"26.1",2,"0.08","0.69",0,NA,NA
"231","2024","Balbino Fuenmayor","MVA","1B",6,6,"48.0",51,"8.50","9.56",0,NA,NA
"232","2024","Steven Fuentes","JAL","P",18,11,"53.0",4,"0.22","0.68",0,NA,NA
"233","2024","Jose Gaitan","VER","CF",3,0,"9.0",3,"1.00","3.00",0,NA,NA
"234","2024","Jose Gaitan","VER","RF",9,7,"59.0",11,"1.22","1.68",0,NA,NA
"235","2024","Jesse Galindo","TIG","P",27,0,"29.2",7,"0.26","2.17",0,NA,NA
"236","2024","Pablo Garabitos","CHI","P",7,3,"17.0",1,"0.14","0.53",0,NA,NA
"237","2024","Alan Garcia","LEO","LF",4,2,"20.1",1,"0.25","0.45",0,NA,NA
"238","2024","Alan Garcia","LEO","CF",2,2,"19.0",1,"0.50","0.47",0,NA,NA
"239","2024","Anhuar Garcia","YUC","P",11,0,"12.2",1,"0.09","0.75",0,NA,NA
"240","2024","Bryan Garcia","JAL","P",18,0,"15.2",2,"0.11","1.20",0,NA,NA
"241","2024","Edson Garcia","TIG","2B",3,2,"13.0",10,"3.33","6.92",0,NA,NA
"242","2024","Edson Garcia","TIG","LF",10,6,"59.0",12,"1.20","1.83",0,NA,NA
"243","2024","Freylin Garcia","PUE","P",10,0,"9.1",3,"0.30","3.00",0,NA,NA
"244","2024","Manny Garcia","CHI","LF",14,14,"114.0",30,"2.14","2.37",0,NA,NA
"245","2024","Manny Garcia","CHI","CF",2,2,"11.0",3,"1.50","2.45",0,NA,NA
"246","2024","Mario Garcia","AGS","P",4,0,"5.0",2,"0.50","3.60",0,NA,NA
"247","2024","Pedro Garcia","PUE","P",29,0,"26.1",5,"0.17","1.73",0,NA,NA
"248","2024","Sebastian Garcia","OAX","2B",7,0,"11.0",5,"0.71","4.09",0,NA,NA
"249","2024","Anthony García","PUE","LF",4,4,"31.0",10,"2.50","2.90",0,NA,NA
"250","2024","Anthony García","AGS","1B",11,7,"56.0",52,"4.73","8.36",0,NA,NA
"251","2024","Edgar García","MVA","P",12,0,"7.0",1,"0.08","1.29",0,NA,NA
"252","2024","Jason García","OAX","P",16,0,"14.0",4,"0.25","2.57",0,NA,NA
"253","2024","Jonas Garibay","VER","P",31,0,"33.1",4,"0.13","1.09",0,NA,NA
"254","2024","Saul Garza","CHI","RF",1,1,"9.0",1,"1.00","1.00",0,NA,NA
"255","2024","Saul Garza","TIJ","1B",19,16,"142.0",141,"7.42","8.94",0,NA,NA
"256","2024","Carlos Alberto Gastelum","TIG","2B",1,1,"1.0",2,"2.00","18.00",0,NA,NA
"257","2024","Christopher Gastelum","JAL","3B",4,0,"8.0",2,"0.50","2.25",0,NA,NA
"258","2024","Christopher Gastelum","JAL","SS",7,0,"13.2",8,"1.14","5.54",0,NA,NA
"259","2024","Christopher Gastelum","JAL","LF",1,0,"3.0",1,"1.00","3.00",0,NA,NA
"260","2024","Christopher Gastelum","JAL","RF",2,1,"10.2",2,"1.00","1.80",0,NA,NA
"261","2024","Leo German","PUE","LF",3,1,"10.2",2,"0.67","1.80",0,NA,NA
"262","2024","Leo German","PUE","RF",1,1,"9.0",3,"3.00","3.00",0,NA,NA
"263","2024","Anthony Giansanti","TIJ","CF",2,2,"18.0",4,"2.00","2.00",0,NA,NA
"264","2024","Anthony Giansanti","TIJ","RF",13,8,"62.0",16,"1.23","2.32",0,NA,NA
"265","2024","Robbie Glendinning","TAB","1B",3,1,"16.0",13,"4.33","7.31",0,NA,NA
"266","2024","Amilcar Gomez","AGS","LF",6,0,"12.0",2,"0.33","1.50",0,NA,NA
"267","2024","Amilcar Gomez","AGS","RF",16,1,"27.1",9,"0.56","3.00",0,NA,NA
"268","2024","Yapson Gomez","DUR","P",6,0,"3.1",1,"0.17","3.00",0,NA,NA
"269","2024","Alejandro Gonzalez","OAX","RF",5,1,"13.1",2,"0.40","1.38",0,NA,NA
"270","2024","Felipe Gonzalez","LEO","P",15,12,"55.2",6,"0.40","0.98",0,NA,NA
"271","2024","Jorge Gonzalez","AGS","1B",1,0,"3.0",5,"5.00","15.00",0,NA,NA
"272","2024","Jorge Gonzalez","AGS","RF",7,3,"28.0",1,"0.14","0.32",0,NA,NA
"273","2024","Santiago Gonzalez","DUR","2B",1,0,"0.2",1,"1.00","0.00",0,NA,NA
"274","2024","Santiago Gonzalez","DUR","LF",6,4,"39.0",2,"0.33","0.46",0,NA,NA
"275","2024","Santiago Gonzalez","DUR","RF",5,0,"11.0",4,"0.80","3.27",0,NA,NA
"276","2024","Yariel Gonzalez","OAX","1B",4,0,"9.0",13,"3.25","13.00",0,NA,NA
"277","2024","Yariel Gonzalez","OAX","2B",1,1,"9.0",5,"5.00","5.00",0,NA,NA
"278","2024","Harol González","TIG","P",10,10,"44.0",3,"0.30","0.61",0,NA,NA
"279","2024","Severino González","JAL","P",25,0,"23.0",4,"0.16","1.57",0,NA,NA
"280","2024","Cade Gotta","LAR","LF",3,3,"25.0",3,"1.00","1.08",0,NA,NA
"281","2024","Ashton Goudeau","AGS","P",9,9,"31.1",4,"0.44","1.16",0,NA,NA
"282","2024","Ariel Gracia","CHI","P",31,3,"43.2",5,"0.16","1.05",0,NA,NA
"283","2024","A.J. Griffin","TIG","P",8,4,"19.0",2,"0.25","0.95",0,NA,NA
"284","2024","Ryan Grotjohn","TAB","SS",2,2,"15.0",15,"7.50","9.00",0,NA,NA
"285","2024","Zac Grotz","MVA","P",14,14,"76.2",14,"1.00","1.66",0,NA,NA
"286","2024","Norwith Gudiño","MTY","P",15,10,"48.2",7,"0.47","1.31",0,NA,NA
"287","2024","Deolis Guerra","SLT","P",42,0,"37.1",5,"0.12","1.22",0,NA,NA
"288","2024","Alberto Guerrero","LEO","P",30,0,"42.2",7,"0.23","1.50",0,NA,NA
"289","2024","Jesus Guerrero","LEO","C",6,5,"39.0",42,"7.00","9.69",0,"6.00",0
"290","2024","Adrian Gusman","QRO","P",8,0,"9.1",1,"0.13","1.00",0,NA,NA
"291","2024","Alfred Gutierrez","PUE","P",47,0,"44.0",3,"0.06","0.61",0,NA,NA
"292","2024","Beder Gutierrez","QRO","CF",5,3,"31.0",6,"1.20","1.74",0,NA,NA
"293","2024","Beder Gutierrez","QRO","RF",5,5,"43.0",9,"1.80","1.88",0,NA,NA
"294","2024","David Gutierrez","TIJ","P",39,0,"36.2",6,"0.15","1.50",0,NA,NA
"295","2024","Demetrio Gutierrez","OAX","P",23,3,"42.0",8,"0.35","1.71",0,NA,NA
"296","2024","Gabriel Gutierrez","MEX","C",27,23,"201.1",179,"6.63","8.01",0,"4.25",0
"297","2024","Vladimir Gutierrez","PUE","P",8,8,"40.0",3,"0.38","0.68",0,NA,NA
"298","2024","Kelvin Gutiérrez","QRO","1B",1,0,"1.0",2,"2.00","18.00",0,NA,NA
"299","2024","Gael Guzman","LAG","C",8,2,"18.2",23,"2.88","11.50",0,"5.79",0
"300","2024","Marco Guzman","CAM","2B",2,2,"14.0",8,"4.00","5.14",0,NA,NA
"301","2024","Marco Guzman","CAM","3B",1,1,"8.0",1,"1.00","1.13",0,NA,NA
"302","2024","Miguel Guzman","PUE","1B",43,13,"177.1",192,"4.47","9.76",0,NA,NA
"303","2024","Miguel Guzman","PUE","RF",13,12,"93.2",25,"1.92","2.42",0,NA,NA
"304","2024","Juan Gámez","MTY","P",27,0,"23.1",6,"0.22","2.35",0,NA,NA
"305","2024","Tom Hackimer","LAR","P",47,0,"45.0",8,"0.17","1.60",0,NA,NA
"306","2024","Brooks Hall","MEX","P",3,3,"13.0",3,"1.00","2.08",0,NA,NA
"307","2024","Billy Hamilton","JAL","CF",60,59,"486.2",133,"2.22","2.46",0,NA,NA
"308","2024","Alen Hanson","QRO","LF",3,2,"13.0",2,"0.67","1.38",0,NA,NA
"309","2024","Alen Hanson","QRO","RF",2,1,"15.1",3,"1.50","1.80",0,NA,NA
"310","2024","Scott Harkin","CAM","P",6,6,"27.0",4,"0.67","1.33",0,NA,NA
"311","2024","Esteban Haro","JAL","P",23,0,"19.1",1,"0.04","0.47",0,NA,NA
"312","2024","Alonzo Harris","LAR","CF",5,1,"16.0",3,"0.60","1.69",0,NA,NA
"313","2024","Matt Hartman","JAL","P",11,7,"25.1",2,"0.18","0.72",0,NA,NA
"314","2024","Kent Hasler","DUR","P",36,0,"32.1",2,"0.06","0.56",0,NA,NA
"315","2024","Adeiny Hechavarría","TAB","3B",9,6,"55.1",15,"1.67","2.45",0,NA,NA
"316","2024","Adeiny Hechavarría","TAB","RF",1,1,"9.0",2,"2.00","2.00",0,NA,NA
"317","2024","Nolberto Henriquez","OAX","P",2,0,"1.2",1,"0.50","9.00",0,NA,NA
"318","2024","Leo Heras","TAB","LF",16,11,"105.2",31,"1.94","2.66",0,NA,NA
"319","2024","Leo Heras","TAB","CF",8,7,"63.1",21,"2.63","3.00",0,NA,NA
"320","2024","Alemao Hernandez","MEX","P",18,4,"41.0",4,"0.22","0.88",0,NA,NA
"321","2024","Arnaldo Hernandez","LAR","P",37,0,"34.0",1,"0.03","0.26",0,NA,NA
"322","2024","David Hernandez","LEO","P",1,0,"0.1",1,"1.00","0.00",0,NA,NA
"323","2024","Francisco Hernandez","LAG","C",1,0,"1.0",1,"1.00","9.00",0,"0.00",0
"324","2024","Francisco Hernandez","LAG","LF",10,1,"22.0",4,"0.40","1.64",0,NA,NA
"325","2024","Francisco Hernandez","LAG","CF",6,0,"14.0",2,"0.33","1.29",0,NA,NA
"326","2024","Francisco Hernandez","LAG","RF",14,6,"64.0",12,"0.86","1.69",0,NA,NA
"327","2024","Josuan Hernandez","TIG","3B",1,1,"7.0",3,"3.00","3.86",0,NA,NA
"328","2024","Josuan Hernandez","TIG","LF",1,0,"2.0",2,"2.00","9.00",0,NA,NA
"329","2024","Kenny Hernandez","PUE","P",26,1,"24.0",1,"0.04","0.38",0,NA,NA
"330","2024","Ramon Hernandez","MVA","1B",6,2,"28.2",30,"5.00","9.64",0,NA,NA
"331","2024","Ricardo Hernandez","DUR","P",7,0,"6.2",2,"0.29","3.00",0,NA,NA
"332","2024","Yadiel Hernandez","LAR","1B",4,2,"18.0",15,"3.75","7.50",0,NA,NA
"333","2024","Ariel Hernández","JAL","P",7,0,"6.0",1,"0.14","1.50",0,NA,NA
"334","2024","Anthony Herrera","AGS","P",9,0,"10.0",1,"0.11","0.90",0,NA,NA
"335","2024","Carlos Herrera","CHI","2B",3,3,"24.0",11,"3.67","4.13",0,NA,NA
"336","2024","Kurt Heyer","SLT","P",29,0,"27.0",12,"0.41","4.00",0,NA,NA
"337","2024","Jesus Higuera","CAM","SS",2,2,"16.0",9,"4.50","5.06",0,NA,NA
"338","2024","Yaramil Hiraldo","DUR","P",24,0,"22.0",5,"0.21","2.05",0,NA,NA
"339","2024","Adam Hofacket","LEO","P",38,0,"31.2",2,"0.05","0.58",0,NA,NA
"340","2024","Jesus Huerta","PUE","P",29,0,"29.0",6,"0.21","1.86",0,NA,NA
"341","2024","Niko Hulsizer","TIG","RF",7,7,"52.1",17,"2.43","2.94",0,NA,NA
"342","2024","Alfredo Hurtado","JAL","1B",1,0,"2.2",4,"4.00","18.00",0,NA,NA
"343","2024","Alfredo Hurtado","JAL","2B",7,0,"9.0",4,"0.57","4.00",0,NA,NA
"344","2024","Alfredo Hurtado","JAL","3B",7,3,"29.0",13,"1.86","4.03",0,NA,NA
"345","2024","Alfredo Hurtado","JAL","SS",1,0,"1.0",1,"1.00","9.00",0,NA,NA
"346","2024","Jeff Ibarra","LAG","P",39,0,"28.1",7,"0.18","2.25",0,NA,NA
"347","2024","Walter Ibarra","YUC","1B",3,2,"19.0",15,"5.00","7.11",0,NA,NA
"348","2024","Walter Ibarra","YUC","2B",7,2,"30.0",13,"1.86","3.90",0,NA,NA
"349","2024","Walter Ibarra","YUC","3B",1,0,"2.2",1,"1.00","4.50",0,NA,NA
"350","2024","Ivan Izaguirre","SLT","P",17,0,"20.0",4,"0.24","1.80",0,NA,NA
"351","2024","Marco Jaime","AGS","3B",1,0,"2.0",2,"2.00","9.00",0,NA,NA
"352","2024","Odalvi Javier","OAX","P",29,7,"52.2",10,"0.34","1.73",0,NA,NA
"353","2024","Williams Jerez","OAX","P",32,1,"27.0",4,"0.13","1.33",0,NA,NA
"354","2024","Domingo Jimenez","PUE","P",18,0,"16.0",1,"0.06","0.56",0,NA,NA
"355","2024","Isaac Jimenez","DUR","P",37,0,"33.0",6,"0.16","1.64",0,NA,NA
"356","2024","Keone Kela","LAR","P",42,0,"40.0",6,"0.14","1.35",0,NA,NA
"357","2024","Kevin Kelly","MTY","P",16,11,"52.0",9,"0.56","1.56",0,NA,NA
"358","2024","Gunnar Kines","DUR","P",10,4,"23.0",2,"0.20","0.78",0,NA,NA
"359","2024","Nolan Kingham","MTY","P",14,8,"42.0",5,"0.36","1.07",0,NA,NA
"360","2024","Max Kuhns","LEO","P",41,1,"39.0",5,"0.12","1.15",0,NA,NA
"361","2024","Alay Lago","TIG","3B",7,6,"55.0",12,"1.71","1.96",0,NA,NA
"362","2024","Alay Lago","TIG","SS",2,1,"11.0",3,"1.50","2.45",0,NA,NA
"363","2024","Mitch Lambson","SLT","P",11,8,"40.2",10,"0.91","2.25",0,NA,NA
"364","2024","Albert Lara","LAG","3B",11,8,"73.0",20,"1.82","2.47",0,NA,NA
"365","2024","Stevie Ledesma","MVA","P",5,2,"10.2",1,"0.20","0.90",0,NA,NA
"366","2024","Khalil Lee","CHI","CF",2,2,"16.0",3,"1.50","1.69",0,NA,NA
"367","2024","Julian Leon","LAG","C",32,29,"228.0",185,"5.78","7.30",0,"5.01",0
"368","2024","Alberto Leyva","CHI","P",29,0,"24.2",7,"0.24","2.63",0,NA,NA
"369","2024","Gabriel Lino","OAX","1B",7,3,"27.2",30,"4.29","10.00",0,NA,NA
"370","2024","Elvin Liriano","MVA","P",22,3,"23.1",1,"0.05","0.39",0,NA,NA
"371","2024","Walker Lockett","TAB","P",3,3,"14.0",2,"0.67","1.29",0,NA,NA
"372","2024","Shed Long Jr.","TAB","2B",2,2,"12.0",6,"3.00","4.50",0,NA,NA
"373","2024","Derrick Loop","SLT","P",37,0,"30.1",9,"0.24","2.70",0,NA,NA
"374","2024","Alan Lopez","LEO","1B",3,0,"7.0",8,"2.67","10.29",0,NA,NA
"375","2024","Alfredo Lopez","DUR","2B",2,0,"3.0",1,"0.50","3.00",0,NA,NA
"376","2024","Elmer Lopez","DUR","LF",2,0,"4.0",2,"1.00","4.50",0,NA,NA
"377","2024","Elmer Lopez","DUR","CF",6,1,"14.0",6,"1.00","3.86",0,NA,NA
"378","2024","Irving Lopez","PUE","2B",19,18,"143.2",85,"4.47","5.35",0,NA,NA
"379","2024","Ulises Lopez","AGS","P",1,0,"1.0",1,"1.00","9.00",0,NA,NA
"380","2024","Zac Lowther","TIJ","P",5,4,"24.2",1,"0.20","0.38",0,NA,NA
"381","2024","Jesus Loya","CHI","1B",1,1,"9.0",7,"7.00","7.00",0,NA,NA
"382","2024","Jesus Loya","CHI","LF",19,18,"146.0",27,"1.42","1.66",0,NA,NA
"383","2024","Ivan Lozano","VER","2B",2,0,"3.0",2,"1.00","6.00",0,NA,NA
"384","2024","Dawel Lugo","TAB","2B",1,1,"9.0",1,"1.00","1.00",0,NA,NA
"385","2024","Francisco Lugo","TAB","1B",5,1,"13.1",16,"3.20","11.08",0,NA,NA
"386","2024","Francisco Lugo","TAB","LF",6,2,"27.0",4,"0.67","1.33",0,NA,NA
"387","2024","Francisco Lugo","TAB","RF",8,4,"39.0",8,"1.00","1.85",0,NA,NA
"388","2024","Rito Lugo","PUE","P",12,7,"27.2",7,"0.58","2.33",0,NA,NA
"389","2024","Eduardo Luna","LAR","C",3,0,"5.0",7,"2.33","12.60",0,"12.60",0
"390","2024","Jose Luna","VER","LF",5,2,"24.0",2,"0.40","0.75",0,NA,NA
"391","2024","Jose Luna","VER","RF",4,0,"8.0",1,"0.25","1.13",0,NA,NA
"392","2024","Jose Luna","AGS","P",27,0,"22.2",7,"0.26","2.86",0,NA,NA
"393","2024","Yoan López","LAG","P",49,0,"53.1",10,"0.20","1.70",0,NA,NA
"394","2024","Diago Machado","TIJ","RF",3,0,"6.0",2,"0.67","3.00",0,NA,NA
"395","2024","Irving Machuca","CAM","P",32,0,"33.1",6,"0.19","1.64",0,NA,NA
"396","2024","Vimael Machín","JAL","1B",3,3,"27.0",31,"10.33","10.33",0,NA,NA
"397","2024","Diego Madero","SLT","2B",8,5,"46.2",27,"3.38","5.28",0,NA,NA
"398","2024","Diego Madero","SLT","SS",2,0,"8.0",3,"1.50","3.38",0,NA,NA
"399","2024","Terance Marin","SLT","P",4,0,"6.2",1,"0.25","1.50",0,NA,NA
"400","2024","Emilio Marquez","PUE","P",9,5,"17.2",2,"0.22","1.06",0,NA,NA
"401","2024","Jose Isidro Marquez","TIG","P",38,0,"29.2",6,"0.16","1.86",0,NA,NA
"402","2024","Luis Marquez","VER","P",4,0,"4.0",1,"0.25","2.25",0,NA,NA
"403","2024","Victor Marquez","DUR","2B",2,0,"4.0",2,"1.00","4.50",0,NA,NA
"404","2024","Ignacio Marrujo","CAM","P",15,0,"13.2",1,"0.07","0.69",0,NA,NA
"405","2024","Alberth Martinez","LEO","LF",18,11,"111.2",19,"1.06","1.54",0,NA,NA
"406","2024","Jorge Martinez","QRO","P",16,11,"70.0",7,"0.44","0.90",0,NA,NA
"407","2024","Jose Martinez","LAR","2B",2,1,"2.0",1,"0.50","4.50",0,NA,NA
"408","2024","Luis Martinez","AGS","P",3,1,"7.2",2,"0.67","2.57",0,NA,NA
"409","2024","Luis Carlos Martinez","SLT","2B",2,0,"7.0",5,"2.50","6.43",0,NA,NA
"410","2024","R.J. Martinez","TAB","P",26,5,"40.1",5,"0.19","1.13",0,NA,NA
"411","2024","Rogelio Martinez","CHI","P",31,0,"36.2",5,"0.16","1.25",0,NA,NA
"412","2024","Yordi Martinez","CAM","LF",10,0,"26.1",5,"0.50","1.73",0,NA,NA
"413","2024","Yordi Martinez","CAM","CF",2,1,"8.0",3,"1.50","3.38",0,NA,NA
"414","2024","Yordi Martinez","CAM","RF",9,3,"35.0",3,"0.33","0.77",0,NA,NA
"415","2024","Carlos Martínez","CHI","1B",4,4,"38.0",36,"9.00","8.53",0,NA,NA
"416","2024","José A. Martínez","YUC","1B",3,1,"17.0",18,"6.00","9.53",0,NA,NA
"417","2024","José A. Martínez","YUC","LF",11,11,"77.0",13,"1.18","1.52",0,NA,NA
"418","2024","Oliver Mateo","TAB","P",5,0,"5.0",1,"0.20","1.80",0,NA,NA
"419","2024","Seuly Matias","CHI","CF",14,14,"107.2",35,"2.50","2.94",0,NA,NA
"420","2024","J.J. Matijevic","DUR","RF",2,2,"19.0",5,"2.50","2.37",0,NA,NA
"421","2024","Zach Matson","CAM","P",18,17,"76.2",8,"0.44","0.95",0,NA,NA
"422","2024","Jack Mayfield","TIJ","3B",2,1,"13.0",2,"1.00","1.38",0,NA,NA
"423","2024","Patrick Mazeika","MEX","C",13,12,"114.0",123,"9.46","9.71",0,"2.92",0
"424","2024","Kevin McGovern","JAL","P",6,3,"14.1",1,"0.17","0.64",0,NA,NA
"425","2024","Thomas McIlraith","LAG","P",40,0,"43.1",9,"0.23","1.88",0,NA,NA
"426","2024","Ian McKinney","MVA","P",5,5,"18.1",4,"0.80","2.00",0,NA,NA
"427","2024","Carlos Medina","MTY","P",2,0,"3.0",1,"0.50","3.00",0,NA,NA
"428","2024","Jose Carlos Medina","AGS","P",16,2,"23.0",2,"0.13","0.78",0,NA,NA
"429","2024","Luis Medina","LEO","2B",9,3,"33.1",24,"2.67","6.55",0,NA,NA
"430","2024","Luis Medina","LEO","3B",2,0,"3.2",3,"1.50","9.00",0,NA,NA
"431","2024","Luis Medina","PUE","2B",3,0,"5.0",3,"1.00","5.40",0,NA,NA
"432","2024","Kevin Medrano","LAR","3B",2,0,"3.0",1,"0.50","3.00",0,NA,NA
"433","2024","Ronald Medrano","AGS","P",15,15,"81.1",17,"1.13","1.89",0,NA,NA
"434","2024","Alex D. Mejia","SLT","1B",4,1,"11.1",13,"3.25","10.64",0,NA,NA
"435","2024","Cristian Mejia","OAX","C",8,4,"34.0",27,"3.38","7.15",0,"7.94",0
"436","2024","Manuel Melendez","VER","CF",2,0,"5.0",2,"1.00","3.60",0,NA,NA
"437","2024","Keury Mella","MTY","P",33,0,"29.2",8,"0.24","2.48",0,NA,NA
"438","2024","Ozzie Mendez","DUR","P",39,0,"22.0",3,"0.08","1.23",0,NA,NA
"439","2024","Roman Mendez","QRO","P",46,0,"43.1",16,"0.35","3.35",0,NA,NA
"440","2024","Brayan Mendoza","MTY","RF",5,0,"11.0",4,"0.80","3.27",0,NA,NA
"441","2024","Drew Mendoza","CHI","1B",1,1,"8.0",7,"7.00","7.88",0,NA,NA
"442","2024","Drew Mendoza","CHI","LF",3,2,"18.0",4,"1.33","2.00",0,NA,NA
"443","2024","Jonathan Mendoza","CAM","3B",1,0,"1.0",1,"1.00","9.00",0,NA,NA
"444","2024","Daniel Mercado","PUE","C",6,1,"12.0",5,"0.83","3.75",0,"9.00",0
"445","2024","Melvin Mercedes","TIG","CF",15,9,"81.0",23,"1.53","2.56",0,NA,NA
"446","2024","Yermín Mercedes","SLT","RF",2,0,"7.0",1,"0.50","1.29",0,NA,NA
"447","2024","José Mesa Jr.","VER","P",23,0,"24.2",2,"0.09","0.75",0,NA,NA
"448","2024","Mario Meza","SLT","P",36,0,"31.0",6,"0.17","1.74",0,NA,NA
"449","2024","Kevin Milam","TAB","P",6,2,"11.1",3,"0.50","2.45",0,NA,NA
"450","2024","Tommy Milone","SLT","P",14,13,"63.0",11,"0.79","1.57",0,NA,NA
"451","2024","Javier Mirabal","LEO","P",11,0,"14.1",2,"0.18","1.29",0,NA,NA
"452","2024","Aríel Miranda","CAM","P",15,15,"72.2",3,"0.20","0.38",0,NA,NA
"453","2024","Luis Miranda","OAX","P",16,16,"72.0",11,"0.69","1.38",0,NA,NA
"454","2024","Daniel Missaki","MEX","P",5,0,"6.0",1,"0.20","1.50",0,NA,NA
"455","2024","Hector Mora","CHI","3B",2,0,"2.1",1,"0.50","4.50",0,NA,NA
"456","2024","Jose Mora","MVA","P",7,0,"9.1",2,"0.29","2.00",0,NA,NA
"457","2024","Juan Mora","MVA","2B",9,5,"50.0",25,"2.78","4.50",0,NA,NA
"458","2024","Juan Mora","MVA","SS",1,0,"2.0",1,"1.00","4.50",0,NA,NA
"459","2024","Ramon Mora","LAG","2B",1,1,"4.0",3,"3.00","6.75",0,NA,NA
"460","2024","Ramon Mora","LAG","SS",5,2,"30.0",13,"2.60","3.90",0,NA,NA
"461","2024","Isboseth Morales","CAM","1B",1,0,"1.0",1,"1.00","9.00",0,NA,NA
"462","2024","Isboseth Morales","CAM","CF",3,1,"11.0",5,"1.67","4.09",0,NA,NA
"463","2024","Ivan Morales","LEO","C",6,1,"13.0",13,"2.17","9.00",0,"7.62",0
"464","2024","Jonathan Morales","MTY","3B",2,0,"2.0",1,"0.50","4.50",0,NA,NA
"465","2024","Jorge Morales","SLT","C",4,0,"6.0",7,"1.75","10.50",0,"1.50",0
"466","2024","Jorge Morales","SLT","RF",1,0,"3.0",1,"1.00","3.00",0,NA,NA
"467","2024","Mario Morales","TAB","P",9,0,"9.0",3,"0.33","3.00",0,NA,NA
"468","2024","Osmer Morales","CAM","P",6,6,"22.2",1,"0.17","0.41",0,NA,NA
"469","2024","Roy Morales","TAB","1B",1,0,"2.0",1,"1.00","4.50",0,NA,NA
"470","2024","Victor Morales","OAX","P",14,0,"12.2",2,"0.14","1.50",0,NA,NA
"471","2024","Luis Moreno","JAL","P",9,0,"9.1",1,"0.11","1.00",0,NA,NA
"472","2024","Reyes Moronta","LEO","P",19,0,"19.2",3,"0.16","1.42",0,NA,NA
"473","2024","Zach Mort","SLT","P",18,18,"87.0",14,"0.78","1.45",0,NA,NA
"474","2024","Taylor Motter","YUC","LF",6,6,"38.0",4,"0.67","0.95",0,NA,NA
"475","2024","Zach Muckenhirn","MTY","P",9,0,"8.2",1,"0.11","1.13",0,NA,NA
"476","2024","José Mujica","OAX","P",43,0,"39.1",5,"0.12","1.15",0,NA,NA
"477","2024","Fabian Muniz","QRO","P",11,0,"8.1",1,"0.09","1.13",0,NA,NA
"478","2024","Max Murphy","SLT","RF",5,5,"45.0",12,"2.40","2.40",0,NA,NA
"479","2024","Yairo Muñoz","LAR","1B",2,1,"9.2",8,"4.00","8.00",0,NA,NA
"480","2024","Efren Navarro","CAM","1B",10,9,"82.0",81,"8.10","8.89",0,NA,NA
"481","2024","Efren Navarro","CAM","LF",2,2,"15.0",3,"1.50","1.80",0,NA,NA
"482","2024","Efren Navarro","CAM","RF",2,2,"15.0",1,"0.50","0.60",0,NA,NA
"483","2024","Juan Carlos Negret","CHI","LF",27,23,"188.2",42,"1.56","2.01",0,NA,NA
"484","2024","Yoanner Negrin","YUC","P",15,15,"78.0",17,"1.13","1.96",0,NA,NA
"485","2024","Dean Nevarez","LAG","LF",3,0,"6.0",1,"0.33","1.50",0,NA,NA
"486","2024","Dovydas Neverauskas","JAL","P",34,0,"31.0",2,"0.06","0.58",0,NA,NA
"487","2024","Gabriel Noriega","TIJ","3B",6,4,"34.0",12,"2.00","3.18",0,NA,NA
"488","2024","Ciro Norzagaray","PUE","SS",11,1,"31.0",13,"1.18","3.77",0,NA,NA
"489","2024","Jacob Nottingham","JAL","1B",7,7,"54.2",50,"7.14","8.33",0,NA,NA
"490","2024","Aldo Nunez","MVA","2B",5,3,"24.0",13,"2.60","4.88",0,NA,NA
"491","2024","Aldo Nunez","MVA","SS",2,1,"13.0",9,"4.50","6.23",0,NA,NA
"492","2024","Darien Núñez","MVA","P",27,0,"20.2",3,"0.11","1.35",0,NA,NA
"493","2024","Peter O'Brien","PUE","CF",11,11,"74.0",18,"1.64","2.19",0,NA,NA
"494","2024","Justin O'Conner","AGS","1B",2,2,"15.0",14,"7.00","8.40",0,NA,NA
"495","2024","Norberto Obeso","YUC","CF",10,9,"73.0",15,"1.50","1.85",0,NA,NA
"496","2024","Wirfin Obispo","TAB","P",9,0,"10.0",1,"0.11","0.90",0,NA,NA
"497","2024","Gonzalo Ochoa","OAX","P",9,0,"8.0",2,"0.22","2.25",0,NA,NA
"498","2024","Takeru Ohashi","TIG","LF",4,4,"32.0",12,"3.00","3.38",0,NA,NA
"499","2024","Takeru Ohashi","TIG","RF",1,0,"4.0",2,"2.00","4.50",0,NA,NA
"500","2024","Jafet Ojeda","YUC","C",3,0,"3.0",2,"0.67","6.00",0,"9.00",0
"501","2024","Miguel Ojeda Jr.","VER","C",14,5,"55.0",44,"3.14","7.20",0,"3.60",0
"502","2024","Fernando Olguin","CHI","P",13,2,"28.2",3,"0.23","0.96",0,NA,NA
"503","2024","Manny Olloque","TIG","LF",4,3,"27.0",6,"1.50","2.00",0,NA,NA
"504","2024","Juan Pablo Oramas","TAB","P",18,18,"93.1",8,"0.44","0.77",0,NA,NA
"505","2024","Manuel Orduno","VER","3B",2,1,"10.0",2,"1.00","1.80",0,NA,NA
"506","2024","Manuel Orduno","VER","RF",4,2,"20.2",1,"0.25","0.45",0,NA,NA
"507","2024","Manuel Orduno","TIG","CF",1,0,"2.0",3,"3.00","13.50",0,NA,NA
"508","2024","Julian Ornelas","MEX","1B",1,1,"10.0",9,"9.00","8.10",0,NA,NA
"509","2024","Jio Orozco","VER","P",2,0,"2.1",1,"0.50","4.50",0,NA,NA
"510","2024","Jose Manuel Orozco","DUR","1B",2,1,"12.0",9,"4.50","6.75",0,NA,NA
"511","2024","Jose Manuel Orozco","DUR","LF",5,2,"19.2",4,"0.80","1.89",0,NA,NA
"512","2024","Jose Manuel Orozco","DUR","CF",3,2,"20.0",4,"1.33","1.80",0,NA,NA
"513","2024","Jose Orrantia","JAL","2B",6,1,"13.0",9,"1.50","6.23",0,NA,NA
"514","2024","Jose Orrantia","JAL","3B",10,3,"34.2",11,"1.10","2.91",0,NA,NA
"515","2024","Jose Orrantia","JAL","SS",2,0,"5.0",3,"1.50","5.40",0,NA,NA
"516","2024","Alejandro Ortiz","CAM","1B",1,0,"1.0",1,"1.00","9.00",0,NA,NA
"517","2024","Alejandro Ortiz","CAM","LF",12,11,"90.0",15,"1.25","1.50",0,NA,NA
"518","2024","Channy Ortiz","CHI","2B",2,1,"11.0",4,"2.00","3.27",0,NA,NA
"519","2024","Channy Ortiz","CHI","SS",1,1,"9.0",4,"4.00","4.00",0,NA,NA
"520","2024","Leonardo Ortiz","MEX","C",1,1,"1.0",1,"1.00","9.00",0,"0.00",0
"521","2024","Tomo Otosaka","YUC","CF",64,62,"524.0",141,"2.20","2.42",0,NA,NA
"522","2024","Luis Oviedo","OAX","P",4,3,"10.0",1,"0.25","0.90",0,NA,NA
"523","2024","Carlos Pacheco","CHI","LF",4,0,"9.0",1,"0.25","1.00",0,NA,NA
"524","2024","Carlos Pacheco","CHI","CF",1,1,"9.0",1,"1.00","1.00",0,NA,NA
"525","2024","Carlos Pacheco","CHI","RF",8,1,"26.0",7,"0.88","2.42",0,NA,NA
"526","2024","Luis Pacheco","AGS","P",25,0,"22.2",1,"0.04","0.41",0,NA,NA
"527","2024","Angel Padron","CHI","P",8,8,"39.1",7,"0.88","1.62",0,NA,NA
"528","2024","Loiger Padron","CAM","P",22,0,"23.0",2,"0.09","0.78",0,NA,NA
"529","2024","Connor Panas","VER","1B",4,2,"21.0",21,"5.25","9.00",0,NA,NA
"530","2024","Yorvin Pantoja","TIG","P",34,0,"30.1",3,"0.09","0.90",0,NA,NA
"531","2024","Jonathan Partida","PUE","P",7,0,"5.2",1,"0.14","1.80",0,NA,NA
"532","2024","Spencer Patton","TAB","P",42,0,"39.1",6,"0.14","1.38",0,NA,NA
"533","2024","Carlos Paulino","QRO","1B",1,1,"6.0",7,"7.00","10.50",0,NA,NA
"534","2024","Félix Paulino","TIG","P",11,0,"11.2",1,"0.09","0.82",0,NA,NA
"535","2024","Luis Payan","DUR","P",6,5,"22.1",6,"1.00","2.45",0,NA,NA
"536","2024","Pedro Payano","TIG","P",32,1,"30.0",5,"0.16","1.50",0,NA,NA
"537","2024","Carlos Peguero","VER","RF",2,0,"6.1",1,"0.50","1.50",0,NA,NA
"538","2024","CD Pelham","YUC","P",17,0,"17.1",2,"0.12","1.06",0,NA,NA
"539","2024","Miguel Pena","QRO","P",6,0,"5.0",1,"0.17","1.80",0,NA,NA
"540","2024","Ramiro Pena","MTY","1B",5,0,"5.1",6,"1.20","10.80",0,NA,NA
"541","2024","Ofelky Peralta","MVA","P",3,0,"3.2",2,"0.67","6.00",0,NA,NA
"542","2024","Luis Perdomo","TIJ","P",10,0,"9.1",2,"0.20","2.00",0,NA,NA
"543","2024","Felix Perez","TAB","1B",2,2,"15.0",10,"5.00","6.00",0,NA,NA
"544","2024","Felix Perez","TAB","3B",1,1,"9.0",2,"2.00","2.00",0,NA,NA
"545","2024","Fernando Perez","QRO","1B",10,7,"64.0",65,"6.50","9.14",0,NA,NA
"546","2024","Fernando Perez","QRO","RF",6,3,"30.0",6,"1.00","1.80",0,NA,NA
"547","2024","Jorge Perez","TIJ","P",14,14,"69.0",19,"1.36","2.48",0,NA,NA
"548","2024","Juan Perez","MVA","LF",6,4,"42.0",8,"1.33","1.71",0,NA,NA
"549","2024","Juan Perez","MVA","RF",19,15,"133.0",23,"1.21","1.56",0,NA,NA
"550","2024","Maikol Perez","TIG","LF",2,1,"8.0",3,"1.50","3.38",0,NA,NA
"551","2024","Maikol Perez","TIG","CF",1,1,"8.0",3,"3.00","3.38",0,NA,NA
"552","2024","Maikol Perez","TIG","RF",3,3,"26.0",8,"2.67","2.77",0,NA,NA
"553","2024","Sergio Perez","AGS","LF",3,0,"6.0",1,"0.33","1.50",0,NA,NA
"554","2024","Noah Perio","TIG","1B",4,4,"35.0",37,"9.25","9.51",0,NA,NA
"555","2024","Noah Perio","TIG","LF",3,2,"17.0",4,"1.33","2.12",0,NA,NA
"556","2024","Noah Perio","TIG","RF",2,2,"17.0",6,"3.00","3.18",0,NA,NA
"557","2024","Richelson Peña","QRO","P",4,4,"18.0",6,"1.50","3.00",0,NA,NA
"558","2024","Zach Phillips","MVA","P",31,0,"24.1",1,"0.03","0.38",0,NA,NA
"559","2024","Cesilio Pimentel","TIG","P",5,3,"14.2",3,"0.60","1.93",0,NA,NA
"560","2024","Chester Pimentel","YUC","P",19,3,"26.2",4,"0.21","1.38",0,NA,NA
"561","2024","Sandber Pimentel","LEO","1B",3,3,"23.2",17,"5.67","6.65",0,NA,NA
"562","2024","Orlando Pina","PUE","3B",9,5,"50.0",8,"0.89","1.44",0,NA,NA
"563","2024","Gleyvin Pineda","CHI","P",33,0,"31.0",4,"0.12","1.16",0,NA,NA
"564","2024","Jesus Pirela","TIJ","P",32,0,"35.2",6,"0.19","1.54",0,NA,NA
"565","2024","José Pirela","MEX","LF",7,7,"63.0",14,"2.00","2.00",0,NA,NA
"566","2024","José Pirela","MEX","RF",12,11,"88.0",14,"1.17","1.43",0,NA,NA
"567","2024","Gersel Pitre","PUE","RF",1,1,"7.0",3,"3.00","3.86",0,NA,NA
"568","2024","Leobaldo Piña","CHI","1B",7,6,"58.0",67,"9.57","10.40",0,NA,NA
"569","2024","Erick Preciado","PUE","P",13,0,"12.2",1,"0.08","0.75",0,NA,NA
"570","2024","A.J. Puckett","JAL","P",18,0,"17.2",4,"0.22","2.12",0,NA,NA
"571","2024","Juniel Querecuto","OAX","2B",4,3,"31.2",19,"4.75","5.52",0,NA,NA
"572","2024","Juniel Querecuto","OAX","LF",12,10,"87.1",17,"1.42","1.76",0,NA,NA
"573","2024","Juniel Querecuto","OAX","CF",5,5,"40.0",9,"1.80","2.03",0,NA,NA
"574","2024","Juniel Querecuto","OAX","RF",1,1,"9.0",2,"2.00","2.00",0,NA,NA
"575","2024","Rogelio Quesada","CHI","P",6,3,"11.2",3,"0.50","2.45",0,NA,NA
"576","2024","Johan Quezada","OAX","P",22,1,"20.0",2,"0.09","0.90",0,NA,NA
"577","2024","Jose Quezada","CAM","P",29,0,"23.1",6,"0.21","2.35",0,NA,NA
"578","2024","Hazahel Quijada","LEO","P",25,7,"44.0",7,"0.28","1.43",0,NA,NA
"579","2024","Fredy Quintero","VER","P",6,6,"19.2",4,"0.67","1.89",0,NA,NA
"580","2024","Sean Rackoski","OAX","P",11,0,"10.1",4,"0.36","3.60",0,NA,NA
"581","2024","Luis Ramirez","DUR","P",31,3,"40.0",6,"0.19","1.35",0,NA,NA
"582","2024","Eury Ramos","SLT","P",2,0,"2.1",1,"0.50","4.50",0,NA,NA
"583","2024","JC Ramírez","AGS","P",14,14,"72.0",14,"1.00","1.75",0,NA,NA
"584","2024","Roel Ramírez","TIJ","P",41,0,"38.1",3,"0.07","0.71",0,NA,NA
"585","2024","Iker Redona","OAX","P",1,0,"1.0",1,"1.00","9.00",0,NA,NA
"586","2024","Cody Reed","TAB","P",26,0,"19.2",1,"0.04","0.47",0,NA,NA
"587","2024","Leonardo Reginatto","AGS","2B",2,2,"14.0",11,"5.50","7.07",0,NA,NA
"588","2024","Omar Renteria","MTY","C",34,12,"139.1",117,"3.44","7.58",0,"4.13",0
"589","2024","Alex Reyes","OAX","P",31,0,"32.0",7,"0.23","1.97",0,NA,NA
"590","2024","Angel Reyes","AGS","1B",2,0,"5.0",4,"2.00","7.20",0,NA,NA
"591","2024","Angel Reyes","AGS","LF",7,7,"57.0",14,"2.00","2.21",0,NA,NA
"592","2024","Angel Reyes","AGS","RF",3,3,"23.2",4,"1.33","1.57",0,NA,NA
"593","2024","Jesús Reyes","LAG","P",42,0,"35.2",7,"0.17","1.80",0,NA,NA
"594","2024","Jairus Richards","TIJ","LF",20,15,"132.0",20,"1.00","1.36",0,NA,NA
"595","2024","Jairus Richards","TIJ","CF",5,1,"21.0",5,"1.00","2.14",0,NA,NA
"596","2024","Ademar Rifaela","LEO","RF",14,14,"110.2",20,"1.43","1.64",0,NA,NA
"597","2024","Joe Riley","MVA","P",41,0,"39.1",6,"0.15","1.38",0,NA,NA
"598","2024","Ricardo Rincon","VER","1B",8,0,"16.0",12,"1.50","6.75",0,NA,NA
"599","2024","Diego Rincones","CHI","RF",1,1,"6.0",3,"3.00","4.50",0,NA,NA
"600","2024","Diego Rincones","CAM","LF",6,6,"50.0",7,"1.17","1.26",0,NA,NA
"601","2024","Jorge Rivera","TIG","2B",5,2,"22.0",12,"2.40","4.91",0,NA,NA
"602","2024","Jorge Rivera","TIG","3B",4,0,"3.0",2,"0.50","6.00",0,NA,NA
"603","2024","Alejandro Rivero","CHI","1B",2,1,"7.0",7,"3.50","9.00",0,NA,NA
"604","2024","Alejandro Rivero","CHI","2B",24,22,"186.0",110,"4.58","5.32",0,NA,NA
"605","2024","Alejandro Rivero","CHI","3B",8,3,"44.0",11,"1.38","2.25",0,NA,NA
"606","2024","Alex Robles","CAM","LF",1,1,"5.2",2,"2.00","3.60",0,NA,NA
"607","2024","Alex Robles","CAM","RF",1,1,"9.0",1,"1.00","1.00",0,NA,NA
"608","2024","Edgar Robles","LAG","LF",9,6,"56.0",14,"1.56","2.25",0,NA,NA
"609","2024","Edgar Robles","LAG","CF",17,12,"114.2",33,"1.94","2.61",0,NA,NA
"610","2024","Edgar Robles","LAG","RF",9,4,"49.2",17,"1.89","3.12",0,NA,NA
"611","2024","Michael Robles","DUR","SS",1,0,"0.2",2,"2.00","0.00",0,NA,NA
"612","2024","Michael Robles","DUR","LF",5,5,"42.0",11,"2.20","2.36",0,NA,NA
"613","2024","Michael Robles","DUR","RF",4,2,"19.1",8,"2.00","3.79",0,NA,NA
"614","2024","Arturo Rodriguez","SLT","C",19,13,"121.1",105,"5.53","7.81",0,"4.08",0
"615","2024","Arturo Rodriguez","SLT","1B",3,0,"6.2",7,"2.33","10.50",0,NA,NA
"616","2024","Henry Alejandro Rodriguez","CAM","2B",9,9,"72.0",42,"4.67","5.25",0,NA,NA
"617","2024","Isaac Rodriguez","TIJ","3B",19,6,"84.0",21,"1.11","2.25",0,NA,NA
"618","2024","Joshua Rodriguez","LAR","1B",1,0,"1.0",1,"1.00","9.00",0,NA,NA
"619","2024","Maximo Rodriguez","MEX","P",8,0,"9.0",1,"0.13","1.00",0,NA,NA
"620","2024","Nellie Rodriguez","PUE","1B",23,14,"138.0",156,"6.78","10.17",0,NA,NA
"621","2024","Ricky Rodriguez","VER","1B",2,1,"9.0",15,"7.50","15.00",0,NA,NA
"622","2024","Ricky Rodriguez","VER","LF",2,1,"10.0",1,"0.50","0.90",0,NA,NA
"623","2024","Ricky Rodriguez","VER","RF",4,2,"19.2",6,"1.50","2.84",0,NA,NA
"624","2024","Victor Rodriguez","LAG","2B",1,0,"1.0",1,"1.00","9.00",0,NA,NA
"625","2024","Yorman Rodriguez","LEO","1B",9,7,"66.1",69,"7.67","9.41",0,NA,NA
"626","2024","David Rodríguez","TIG","1B",13,11,"105.1",96,"7.38","8.23",0,NA,NA
"627","2024","Dereck Rodríguez","JAL","P",16,16,"82.0",23,"1.44","2.52",0,NA,NA
"628","2024","Ricardo Rodríguez","VER","P",18,0,"18.1",5,"0.28","2.50",0,NA,NA
"629","2024","Richard Rodríguez","MTY","P",41,0,"41.1",5,"0.12","1.10",0,NA,NA
"630","2024","Ronny Rodríguez","CAM","2B",4,4,"33.0",15,"3.75","4.09",0,NA,NA
"631","2024","Ronny Rodríguez","CAM","RF",4,4,"25.2",5,"1.25","1.80",0,NA,NA
"632","2024","Esmil Rogers","VER","P",17,17,"91.0",26,"1.53","2.57",0,NA,NA
"633","2024","Luis Romero","QRO","P",10,10,"40.0",9,"0.90","2.03",0,NA,NA
"634","2024","Randy Romero","TAB","LF",7,3,"29.0",3,"0.43","0.93",0,NA,NA
"635","2024","Randy Romero","TAB","RF",2,1,"10.2",3,"1.50","2.70",0,NA,NA
"636","2024","Jorge Rondon","MTY","P",41,0,"40.1",7,"0.17","1.58",0,NA,NA
"637","2024","José Rondón","MEX","CF",1,0,"6.0",1,"1.00","1.50",0,NA,NA
"638","2024","Manuel Rondon","VER","P",22,0,"19.2",5,"0.23","2.37",0,NA,NA
"639","2024","Bruce Rondón","CHI","P",9,0,"8.0",2,"0.22","2.25",0,NA,NA
"640","2024","Arturo Roque","MTY","P",16,4,"33.1",3,"0.19","0.82",0,NA,NA
"641","2024","Aneuris Rosario","VER","P",31,0,"28.2",5,"0.16","1.61",0,NA,NA
"642","2024","Zac Rosscup","TIJ","P",26,1,"36.0",5,"0.19","1.25",0,NA,NA
"643","2024","Ramón Rosso","LEO","P",10,10,"39.1",2,"0.20","0.46",0,NA,NA
"644","2024","Gustavo Ruiz","JAL","C",4,0,"9.2",10,"2.50","10.00",0,"8.38",0
"645","2024","Rio Ruiz","QRO","1B",22,16,"137.2",135,"6.14","8.87",0,NA,NA
"646","2024","Evan Rutckyj","VER","P",16,0,"13.2",3,"0.19","2.08",0,NA,NA
"647","2024","Blake Rutherford","TIJ","LF",2,0,"3.0",1,"0.50","3.00",0,NA,NA
"648","2024","Fernando Salas","TAB","P",33,0,"33.0",5,"0.15","1.36",0,NA,NA
"649","2024","Issmael Salas","QRO","2B",1,0,"8.0",7,"7.00","7.88",0,NA,NA
"650","2024","Javier Salazar","MTY","3B",12,6,"60.0",27,"2.25","4.05",0,NA,NA
"651","2024","Javier Salazar","MTY","SS",30,23,"208.0",111,"3.70","4.80",0,NA,NA
"652","2024","Javier Salazar","MTY","LF",5,3,"30.2",8,"1.60","2.40",0,NA,NA
"653","2024","Alex Sanabia","SLT","P",14,14,"70.1",13,"0.93","1.67",0,NA,NA
"654","2024","Asael Sanchez","MTY","1B",10,1,"34.2",32,"3.20","8.47",0,NA,NA
"655","2024","Brian Sanchez","TIG","RF",6,5,"49.0",9,"1.50","1.65",0,NA,NA
"656","2024","Jake Sanchez","MEX","P",42,0,"41.2",4,"0.10","0.88",0,NA,NA
"657","2024","Sasagi Sanchez","MTY","P",27,0,"29.2",5,"0.19","1.55",0,NA,NA
"658","2024","Donny Sands","TIJ","1B",1,0,"3.0",4,"4.00","12.00",0,NA,NA
"659","2024","Cristian Santana","CHI","LF",3,3,"19.0",1,"0.33","0.47",0,NA,NA
"660","2024","Edgar Santana","PUE","P",48,0,"48.1",6,"0.13","1.13",0,NA,NA
"661","2024","Antonio Santos","PUE","P",4,4,"21.2",2,"0.50","0.86",0,NA,NA
"662","2024","Luis Santos","MTY","2B",15,4,"49.1",36,"2.40","6.61",0,NA,NA
"663","2024","Luis Santos","MTY","3B",6,0,"12.0",5,"0.83","3.75",0,NA,NA
"664","2024","Gonzalo Sanudo","JAL","P",20,0,"18.0",1,"0.05","0.50",0,NA,NA
"665","2024","Luis Sardinas","OAX","2B",8,7,"59.1",38,"4.75","5.80",0,NA,NA
"666","2024","Axel Sauceda","PUE","P",3,0,"5.0",1,"0.33","1.80",0,NA,NA
"667","2024","Jorge Sauceda","JAL","P",19,2,"31.0",4,"0.21","1.16",0,NA,NA
"668","2024","Brian Schlitter","CHI","P",23,0,"24.0",5,"0.22","1.88",0,NA,NA
"669","2024","Darren Seferina","LAG","2B",18,10,"101.2",52,"2.89","4.63",0,NA,NA
"670","2024","Jose Sermo","DUR","1B",7,7,"55.2",46,"6.57","7.53",0,NA,NA
"671","2024","Maikel Serrano","JAL","1B",8,3,"42.0",29,"3.63","6.21",0,NA,NA
"672","2024","Ricardo Serrano","CAM","2B",5,2,"27.0",20,"4.00","6.67",0,NA,NA
"673","2024","Anderson Severino","OAX","P",20,1,"16.2",1,"0.05","0.56",0,NA,NA
"674","2024","D.J. Sharabi","TIG","P",5,0,"7.0",1,"0.20","1.29",0,NA,NA
"675","2024","Kenneth Sigman","QRO","P",3,0,"4.0",2,"0.67","4.50",0,NA,NA
"676","2024","Rubi Silva","QRO","LF",5,4,"34.1",8,"1.60","2.12",0,NA,NA
"677","2024","Rubi Silva","QRO","CF",5,2,"31.1",10,"2.00","2.90",0,NA,NA
"678","2024","Dwight Smith Jr.","JAL","1B",1,0,"2.0",4,"4.00","18.00",0,NA,NA
"679","2024","Javier Solano","CAM","P",16,16,"90.1",12,"0.75","1.20",0,NA,NA
"680","2024","Yangervis Solarte","OAX","3B",1,1,"9.0",4,"4.00","4.00",0,NA,NA
"681","2024","Alejandro Soto","VER","P",15,10,"52.1",7,"0.47","1.21",0,NA,NA
"682","2024","Carlos Soto","MTY","1B",12,2,"40.0",39,"3.25","8.78",0,NA,NA
"683","2024","Shea Spitzbarth","AGS","P",30,0,"30.2",5,"0.17","1.50",0,NA,NA
"684","2024","Drew Stankiewicz","PUE","2B",1,0,"2.0",1,"1.00","4.50",0,NA,NA
"685","2024","Nick Struck","TAB","P",18,18,"95.0",20,"1.11","1.89",0,NA,NA
"686","2024","Darnell Sweeney","PUE","LF",2,0,"3.0",2,"1.00","6.00",0,NA,NA
"687","2024","Angel Sánchez","PUE","P",6,6,"38.1",9,"1.50","2.13",0,NA,NA
"688","2024","Héctor Sánchez","LAR","C",25,21,"182.0",158,"6.32","7.81",0,"5.29",0
"689","2024","Héctor Sánchez","LAR","LF",1,0,"2.0",2,"2.00","9.00",0,NA,NA
"690","2024","Alain Tandron","LAG","P",4,0,"5.1",2,"0.50","3.60",0,NA,NA
"691","2024","Stephen Tarpley","MTY","P",17,17,"81.0",13,"0.76","1.44",0,NA,NA
"692","2024","Aneury Tavárez","TIJ","RF",2,2,"16.0",1,"0.50","0.56",0,NA,NA
"693","2024","Curtis Taylor","LAG","P",14,0,"14.1",2,"0.14","1.29",0,NA,NA
"694","2024","Julio Teheran","MTY","P",3,3,"15.1",4,"1.33","2.40",0,NA,NA
"695","2024","Pablo Tellez","MVA","P",17,11,"51.0",6,"0.35","1.06",0,NA,NA
"696","2024","Dillon Thomas","OAX","CF",2,2,"17.0",3,"1.50","1.59",0,NA,NA
"697","2024","Christian Torres","CHI","P",17,1,"26.1",3,"0.18","1.04",0,NA,NA
"698","2024","Jojanse Torres","OAX","P",36,0,"35.1",6,"0.17","1.54",0,NA,NA
"699","2024","Braulio Torres-Perez","SLT","P",17,17,"82.2",19,"1.12","2.09",0,NA,NA
"700","2024","Adrian Tovalin","LAG","1B",29,18,"170.0",171,"5.90","9.05",0,NA,NA
"701","2024","Adrian Tovalin","LAG","3B",3,0,"6.0",2,"0.67","3.00",0,NA,NA
"702","2024","Adrian Tovalin","LAG","LF",22,19,"147.0",22,"1.00","1.35",0,NA,NA
"703","2024","Alexandro Tovalin","YUC","P",42,0,"39.2",6,"0.14","1.38",0,NA,NA
"704","2024","Randy Trejo","TIG","2B",6,1,"18.0",9,"1.50","4.50",0,NA,NA
"705","2024","Phillips Valdez","VER","P",16,16,"77.0",13,"0.81","1.52",0,NA,NA
"706","2024","Emiliano Valencia","TAB","2B",4,0,"5.0",2,"0.50","3.60",0,NA,NA
"707","2024","Emiliano Valencia","TAB","SS",3,0,"5.0",2,"0.67","3.60",0,NA,NA
"708","2024","Marcos Valenzuela","LAR","2B",3,0,"5.0",4,"1.33","7.20",0,NA,NA
"709","2024","Vicente Valenzuela","TIG","P",37,1,"34.2",5,"0.14","1.32",0,NA,NA
"710","2024","Breyvic Valera","TIJ","3B",4,1,"16.0",5,"1.25","2.81",0,NA,NA
"711","2024","Edwyn Valle","DUR","P",48,0,"39.1",5,"0.10","1.15",0,NA,NA
"712","2024","Jesus Valles","TIG","P",21,3,"31.1",1,"0.05","0.29",0,NA,NA
"713","2024","Jonathan Vargas","LEO","P",23,1,"23.2",2,"0.09","0.78",0,NA,NA
"714","2024","Gregori Vasquez","DUR","P",10,8,"34.1",6,"0.60","1.59",0,NA,NA
"715","2024","Saul Vazquez","YUC","P",13,2,"21.1",3,"0.23","1.29",0,NA,NA
"716","2024","Greg Veliz","AGS","P",29,0,"33.2",5,"0.17","1.36",0,NA,NA
"717","2024","Hector Velázquez","VER","P",5,0,"6.2",2,"0.40","3.00",0,NA,NA
"718","2024","Alexis Vera","MTY","P",14,0,"15.1",4,"0.29","2.40",0,NA,NA
"719","2024","Eduardo Vera","JAL","P",22,10,"52.2",5,"0.23","0.87",0,NA,NA
"720","2024","Cam Vieaux","LAR","P",31,1,"28.2",5,"0.16","1.61",0,NA,NA
"721","2024","Carlos Viera","QRO","P",14,13,"55.0",14,"1.00","2.29",0,NA,NA
"722","2024","Fernando Villalobos","MEX","C",4,0,"5.0",4,"1.00","7.20",0,"19.80",0
"723","2024","Hector Villalobos","PUE","P",32,4,"36.0",8,"0.25","2.00",0,NA,NA
"724","2024","Elih Villanueva","CHI","P",12,6,"30.2",2,"0.17","0.60",0,NA,NA
"725","2024","Brandon Villarreal","SLT","CF",15,11,"97.1",22,"1.47","2.04",0,NA,NA
"726","2024","Fred Villarreal","TAB","P",35,0,"29.1",4,"0.11","1.24",0,NA,NA
"727","2024","Carlos Villegas","CAM","2B",5,4,"37.0",12,"2.40","2.92",0,NA,NA
"728","2024","Carlos Villegas","CAM","LF",5,3,"13.0",2,"0.40","1.38",0,NA,NA
"729","2024","Carlos Villegas","CAM","RF",3,0,"13.1",1,"0.33","0.69",0,NA,NA
"730","2024","Fernando Villegas","SLT","LF",2,2,"18.0",1,"0.50","0.50",0,NA,NA
"731","2024","Francisco Villegas","AGS","P",44,0,"27.2",4,"0.09","1.33",0,NA,NA
"732","2024","Jeremy Walker","LAG","P",9,9,"39.0",10,"1.11","2.31",0,NA,NA
"733","2024","Drew Ward","DUR","1B",20,18,"145.0",148,"7.40","9.19",0,NA,NA
"734","2024","Brac Warren","MVA","P",30,0,"26.2",1,"0.03","0.35",0,NA,NA
"735","2024","David Washington","SLT","LF",4,3,"33.0",8,"2.00","2.18",0,NA,NA
"736","2024","Braden Webb","LAG","P",18,18,"82.2",12,"0.67","1.32",0,NA,NA
"737","2024","Patrick Weigel","SLT","P",39,0,"37.2",5,"0.13","1.22",0,NA,NA
"738","2024","Nick Wells","TIJ","P",5,4,"19.2",2,"0.40","0.95",0,NA,NA
"739","2024","Joe Wieland","TAB","P",9,6,"39.2",11,"1.22","2.54",0,NA,NA
"740","2024","Taylor Williams","LAG","P",47,0,"48.0",17,"0.36","3.19",0,NA,NA
"741","2024","Hans Wilson","AGS","C",6,3,"26.0",21,"3.50","7.27",0,"5.19",0
"742","2024","Jared Wilson","TIJ","P",46,0,"43.0",10,"0.22","2.09",0,NA,NA
"743","2024","Tyler Wilson","LAG","P",34,1,"32.2",4,"0.12","1.13",0,NA,NA
"744","2024","Michael Wing","JAL","1B",6,6,"46.0",43,"7.17","8.41",0,NA,NA
"745","2024","Michael Wing","JAL","CF",4,4,"28.0",8,"2.00","2.57",0,NA,NA
"746","2024","Michael Wing","JAL","RF",4,3,"25.0",6,"1.50","2.16",0,NA,NA
"747","2024","Jimmy Yacabonis","MEX","P",38,0,"43.0",10,"0.26","2.09",0,NA,NA
"748","2024","Yandy Yanes","TIG","SS",1,1,"9.0",4,"4.00","4.00",0,NA,NA
"749","2024","Gabriel Ynoa","PUE","P",19,19,"91.2",23,"1.21","2.27",0,NA,NA
"750","2024","Ernesto Zaragoza","OAX","P",23,0,"21.0",4,"0.17","1.71",0,NA,NA
"751","2024","Daniel Zazueta","CAM","P",32,2,"29.0",4,"0.13","1.24",0,NA,NA
"752","2024","Samuel Zazueta","VER","P",12,0,"13.1",3,"0.25","2.08",0,NA,NA
"753","2024","Luke Voit","TAB","1B",77,77,"652.1",604,"7.83","8.32",0,NA,NA
"754","2024","Reynaldo Rodriguez","OAX","1B",75,68,"589.1",558,"7.43","8.51",1,NA,NA
"755","2024","Lewin Díaz","MEX","1B",62,62,"514.0",491,"7.90","8.58",0,NA,NA
"756","2024","Kyle Martin","OAX","1B",51,47,"427.1",443,"8.67","9.32",0,NA,NA
"757","2024","Alexi Amarista","OAX","2B",87,87,"740.1",438,"5.02","5.31",0,NA,NA
"758","2024","Matt Adams","TIJ","1B",46,44,"373.0",337,"7.30","8.11",0,NA,NA
"759","2024","Bobby Bradley","TIJ","1B",34,30,"264.0",264,"7.74","8.97",0,NA,NA
"760","2024","Ryan Aguilar","LAR","1B",51,24,"241.0",248,"4.84","9.22",0,NA,NA
"761","2024","Henry Urrutia","LEO","1B",58,55,"464.2",481,"8.26","9.29",1,NA,NA
"762","2024","Aldrem Corredor","MVA","1B",84,82,"717.2",715,"8.48","8.94",0,NA,NA
"763","2024","Jose Guadalupe Chavez","JAL","2B",51,48,"388.1",231,"4.51","5.34",1,NA,NA
"764","2024","Robinson Canó","MEX","2B",52,52,"422.1",228,"4.37","4.84",0,NA,NA
"765","2024","Alfredo Hurtado","JAL","C",36,30,"251.0",227,"6.28","8.10",1,"6.42",0
"766","2024","Logan Brown","SLT","C",29,26,"225.1",215,"7.38","8.56",1,"3.79",0
"767","2024","Carlos Franco","VER","1B",29,24,"211.2",204,"7.00","8.66",0,NA,NA
"768","2024","Isaias Tejeda","CAM","1B",25,25,"206.0",192,"7.64","8.34",1,NA,NA
"769","2024","Ricardo Valenzuela","OAX","C",49,46,"391.2",370,"7.51","8.47",2,"5.42",0
"770","2024","Domingo Leyba","TAB","2B",42,38,"329.2",175,"4.14","4.76",0,NA,NA
"771","2024","Juan Kirk","PUE","C",56,47,"376.2",345,"6.13","8.21",2,"4.97",0
"772","2024","Edwin Espinal","VER","1B",82,82,"676.0",682,"8.27","9.03",1,NA,NA
"773","2024","Adeiny Hechavarría","TAB","2B",33,32,"271.1",154,"4.64","5.08",1,NA,NA
"774","2024","Yermín Mercedes","SLT","1B",19,18,"150.0",154,"8.05","9.18",0,NA,NA
"775","2024","Carlos Soto","MTY","C",50,40,"342.0",304,"6.04","7.95",2,"4.53",0
"776","2024","Ricardo Cespedes","CAM","CF",62,61,"486.2",150,"2.40","2.76",1,NA,NA
"777","2024","Wendell Rijo","VER","2B",28,28,"233.2",150,"5.32","5.76",1,NA,NA
"778","2024","Jesse Castillo","QRO","1B",55,55,"443.0",446,"8.05","9.00",0,NA,NA
"779","2024","Henry Alejandro Rodriguez","CHI","1B",18,18,"147.0",147,"8.11","8.94",1,NA,NA
"780","2024","Kennys Vargas","LAR","1B",38,38,"294.2",293,"7.66","8.91",0,NA,NA
"781","2024","Mario Feliciano","PUE","C",30,22,"185.1",146,"4.83","7.05",1,"4.86",0
"782","2024","Roy Morales","TAB","C",57,48,"423.0",437,"7.61","9.23",1,"4.55",2
"783","2024","Carlos Castro","TIG","C",20,18,"150.1",143,"7.10","8.52",0,"4.73",0
"784","2024","Donny Sands","TIJ","C",35,33,"289.2",284,"8.06","8.78",2,"3.48",0
"785","2024","Christian Villanueva","MTY","1B",51,50,"400.2",419,"8.16","9.36",1,NA,NA
"786","2024","Randy Romero","TAB","CF",64,62,"534.2",139,"2.16","2.33",0,NA,NA
"787","2024","J.J. Matijevic","CHI","1B",16,15,"132.0",135,"8.38","9.14",0,NA,NA
"788","2024","Leobaldo Cabrera","AGS","LF",72,70,"584.1",134,"1.85","2.05",0,NA,NA
"789","2024","Angelo Castellano","JAL","SS",32,32,"267.1",134,"4.16","4.48",1,NA,NA
"790","2024","Eric Filia","MVA","LF",82,82,"676.2",134,"1.62","1.77",1,NA,NA
"791","2024","José Marmolejos","MEX","1B",63,61,"547.2",530,"8.35","8.65",2,NA,NA
"792","2024","Juan Centeno","SLT","C",39,35,"301.2",258,"6.56","7.65",2,"5.85",0
"793","2024","Jonathan Schoop","LAG","1B",18,14,"124.2",126,"6.94","9.07",0,NA,NA
"794","2024","Carlos Martínez","CHI","C",59,50,"447.0",375,"6.31","7.49",2,"6.83",0
"795","2024","Logan Moore","MVA","C",65,65,"559.2",499,"7.62","7.97",2,"4.04",1
"796","2024","José Briceño","MEX","C",46,39,"352.2",361,"7.78","9.15",3,"3.90",0
"797","2024","Greg Bird","JAL","1B",71,71,"585.0",601,"8.39","9.17",0,NA,NA
"798","2024","Victor Mendoza","MTY","1B",37,37,"303.0",341,"9.14","10.04",0,NA,NA
"799","2024","Julian Ornelas","MEX","LF",75,75,"652.1",112,"1.48","1.53",0,NA,NA
"800","2024","Kristian Delgado","CHI","2B",40,38,"332.1",222,"5.50","5.96",0,NA,NA
"801","2024","Jonathan Mendoza","CAM","2B",28,21,"182.2",111,"3.93","5.44",0,NA,NA
"802","2024","Roldani Baldwin","VER","C",15,14,"120.0",110,"7.27","8.18",1,"6.30",0
"803","2024","Webster Rivas","YUC","C",68,66,"556.1",546,"7.96","8.76",3,"4.40",0
"804","2024","Daniel Castro","MTY","2B",28,16,"169.0",109,"3.86","5.75",0,NA,NA
"805","2024","Santiago Chávez","MVA","C",35,25,"237.2",218,"6.17","8.20",1,"4.13",0
"806","2024","Ali Castillo","LAR","2B",92,92,"784.1",432,"4.65","4.91",1,NA,NA
"807","2024","Alexis Wilson","TIG","C",63,60,"511.2",532,"8.37","9.28",4,"5.36",0
"808","2024","Gabriel Lino","OAX","C",46,37,"336.1",310,"6.67","8.22",3,"7.31",0
"809","2024","Alan Espinoza","VER","C",59,58,"489.0",410,"6.88","7.47",2,"4.25",0
"810","2024","Leonardo Reginatto","AGS","1B",48,47,"400.2",410,"8.46","9.14",0,NA,NA
"811","2024","Sebastián Elizalde","MTY","RF",53,53,"445.0",101,"1.89","2.02",0,NA,NA
"812","2024","Alberth Martinez","LEO","RF",54,51,"417.1",100,"1.83","2.14",0,NA,NA
"813","2024","Carlos Garzon","DUR","C",60,55,"447.1",399,"6.58","7.95",4,"6.34",0
"814","2024","Roberto Ramos","OAX","1B",17,15,"110.0",99,"5.76","8.02",0,NA,NA
"815","2024","Francisco Arcia","LAR","C",77,72,"623.1",685,"8.81","9.79",6,"3.64",0
"816","2024","Herlis Rodriguez","VER","CF",90,90,"772.0",195,"2.14","2.25",0,NA,NA
"817","2024","Allen Córdoba","LAG","CF",76,74,"613.2",193,"2.51","2.80",2,NA,NA
"818","2024","Aristides Aquino","MEX","RF",52,51,"453.1",94,"1.79","1.85",1,NA,NA
"819","2024","Daniel Palka","LAG","1B",26,25,"205.0",187,"7.12","8.12",0,NA,NA
"820","2024","Yasiel Puig","VER","RF",50,50,"416.0",93,"1.84","1.99",1,NA,NA
"821","2024","Jose Gaitan","VER","LF",59,54,"478.0",91,"1.53","1.69",0,NA,NA
"822","2024","Issmael Salas","QRO","1B",17,9,"99.0",91,"5.29","8.18",0,NA,NA
"823","2024","Alfredo Lopez","DUR","LF",45,45,"364.0",90,"1.98","2.20",1,NA,NA
"824","2024","Hansen Lopez","CHI","C",16,9,"88.0",87,"5.38","8.80",1,"7.06",0
"825","2024","Carlos Munoz","AGS","1B",19,9,"82.2",86,"4.47","9.33",0,NA,NA
"826","2024","Norberto Obeso","YUC","LF",51,49,"416.0",86,"1.67","1.84",0,NA,NA
"827","2024","Tomás Telis","AGS","C",60,55,"473.0",428,"7.05","8.05",3,"5.16",0
"828","2024","Johneshwy Fargas","SLT","CF",67,64,"562.2",170,"2.51","2.69",1,NA,NA
"829","2024","Roel Santos","TAB","CF",49,49,"391.0",85,"1.71","1.93",0,NA,NA
"830","2024","Nick Williams","TIJ","RF",36,36,"307.1",85,"2.33","2.46",0,NA,NA
"831","2024","Carlos Mendivil","DUR","C",25,20,"182.2",167,"6.60","8.16",2,"7.34",0
"832","2024","Tres Barrera","TIJ","C",50,46,"408.1",395,"7.80","8.60",4,"4.67",0
"833","2024","Nicholas Torres","LAG","RF",73,73,"600.2",158,"2.14","2.34",2,NA,NA
"834","2024","Jose Aguilar","SLT","CF",36,30,"270.0",78,"2.14","2.57",1,NA,NA
"835","2024","Dwight Smith Jr.","JAL","CF",41,34,"305.1",78,"1.88","2.27",0,NA,NA
"836","2024","Justin O'Conner","AGS","C",43,39,"335.1",305,"7.00","8.09",3,"5.56",1
"837","2024","Cristian Santana","CHI","1B",30,28,"234.2",224,"7.37","8.50",0,NA,NA
"838","2024","Andretty Cordero","AGS","1B",33,32,"269.0",293,"8.76","9.67",2,NA,NA
"839","2024","Michael De León","LEO","2B",14,14,"117.0",73,"5.14","5.54",1,NA,NA
"840","2024","Jhon Nuñez","JAL","C",43,41,"347.1",288,"6.60","7.37",3,"6.50",1
"841","2024","German Revilla","TIG","C",14,8,"75.0",71,"5.00","8.40",1,"5.28",0
"842","2024","Sam Travis","DUR","1B",45,45,"388.0",420,"9.20","9.60",1,NA,NA
"843","2024","Diosbel Arias","MEX","1B",15,14,"121.1",139,"9.13","10.19",0,NA,NA
"844","2024","Dean Nevarez","LAG","C",43,34,"303.1",272,"6.23","7.96",3,"4.60",0
"845","2024","Yosmany Guerra","QRO","2B",43,40,"345.1",203,"4.65","5.22",0,NA,NA
"846","2024","Manny Garcia","CHI","1B",16,14,"131.0",135,"8.31","9.14",0,NA,NA
"847","2024","Marco Chicuate","LEO","C",63,56,"491.2",470,"7.35","8.49",3,"6.32",0
"848","2024","Oziel Flores","CHI","2B",20,15,"126.2",65,"3.20","4.57",1,NA,NA
"849","2024","Michael Wing","JAL","2B",13,12,"97.0",65,"4.92","5.94",1,NA,NA
"850","2024","Danny Ortiz","PUE","LF",84,84,"693.2",129,"1.51","1.65",0,NA,NA
"851","2024","Ricardo Serrano","CAM","3B",47,45,"362.1",129,"2.70","3.16",0,NA,NA
"852","2024","Yangervis Solarte","OAX","1B",16,16,"136.0",129,"7.94","8.40",1,NA,NA
"853","2024","Jonathan Morales","MTY","C",28,26,"201.1",191,"6.71","8.42",2,"4.56",0
"854","2024","Harold Castro","TIJ","2B",45,37,"323.0",190,"4.16","5.21",2,NA,NA
"855","2024","Art Charles","YUC","1B",72,72,"596.1",632,"8.64","9.39",4,NA,NA
"856","2024","Sebastian Valle","SLT","C",39,35,"299.1",248,"6.26","7.34",4,"4.75",0
"857","2024","Ali Solis","QRO","C",38,38,"319.0",309,"8.00","8.58",5,"5.64",0
"858","2024","Yadir Drake","YUC","RF",67,67,"559.1",121,"1.78","1.92",0,NA,NA
"859","2024","Alejandro Mejia","SLT","1B",67,66,"570.0",604,"8.87","9.38",4,NA,NA
"860","2024","Demetrius Sims","TIG","SS",28,27,"236.0",120,"4.21","4.50",0,NA,NA
"861","2024","Saul Garza","TIJ","C",27,22,"200.0",179,"6.52","7.92",3,"4.19",0
"862","2024","Aneury Tavárez","TIJ","LF",76,76,"669.0",119,"1.54","1.57",1,NA,NA
"863","2024","Rangel Ravelo","LAR","1B",21,21,"184.0",178,"8.33","8.56",1,NA,NA
"864","2024","Aaron Altherr","LAG","LF",37,37,"319.2",59,"1.57","1.64",0,NA,NA
"865","2024","Ciro Norzagaray","PUE","2B",30,14,"159.0",118,"3.87","6.57",1,NA,NA
"866","2024","Rio Ruiz","QRO","3B",26,24,"205.2",59,"2.23","2.55",0,NA,NA
"867","2024","Missael Rivera","SLT","2B",75,74,"642.1",352,"4.61","4.85",3,NA,NA
"868","2024","Jose Martinez","LAR","3B",28,26,"229.2",58,"2.04","2.24",0,NA,NA
"869","2024","Orlando Pina","PUE","1B",13,9,"70.2",58,"4.38","7.33",1,NA,NA
"870","2024","Isaac Rodriguez","TIJ","2B",55,47,"423.0",232,"4.15","4.85",0,NA,NA
"871","2024","Angel Reyes","AGS","CF",74,74,"602.2",172,"2.28","2.53",1,NA,NA
"872","2024","Julian Escobedo","LAG","LF",33,27,"232.2",57,"1.70","2.17",0,NA,NA
"873","2024","Yosmany Guerra","QRO","3B",20,20,"163.2",57,"2.80","3.09",1,NA,NA
"874","2024","Leo Heras","TAB","RF",26,24,"204.0",57,"2.15","2.47",1,NA,NA
"875","2024","Juan Uriarte","DUR","1B",6,5,"48.0",57,"9.33","10.50",0,NA,NA
"876","2024","Fernando Villegas","SLT","RF",74,73,"593.0",114,"1.51","1.70",0,NA,NA
"877","2024","Yadiel Hernandez","LAR","LF",70,69,"592.2",113,"1.59","1.69",1,NA,NA
"878","2024","Yorman Rodriguez","LEO","C",30,28,"230.2",226,"7.40","8.69",4,"6.24",0
"879","2024","J.J. Matijevic","DUR","LF",35,30,"245.1",56,"1.57","2.02",0,NA,NA
"880","2024","Carlos Paulino","QRO","C",41,38,"316.1",277,"6.63","7.75",4,"6.57",1
"881","2024","Jose Cardona","MTY","CF",83,83,"685.0",165,"1.95","2.13",1,NA,NA
"882","2024","Leo German","PUE","CF",61,41,"397.2",110,"1.77","2.45",2,NA,NA
"883","2024","Francisco Peña","CAM","C",64,63,"514.0",492,"7.55","8.46",8,"5.53",0
"884","2024","Eddy Diaz","LEO","2B",27,24,"195.1",109,"3.96","4.94",0,NA,NA
"885","2024","Keven Lamas","SLT","2B",47,40,"355.1",218,"4.55","5.43",2,NA,NA
"886","2024","Jose Carlos Urena","OAX","RF",62,58,"499.2",107,"1.69","1.89",0,NA,NA
"887","2024","José Peraza","YUC","2B",78,78,"666.0",373,"4.69","4.95",3,NA,NA
"888","2024","Héctor Sánchez","LAR","1B",13,7,"64.0",53,"4.00","7.31",0,NA,NA
"889","2024","Raudy Read","PUE","1B",46,45,"307.2",314,"6.70","9.03",1,NA,NA
"890","2024","Juan Carlos Gamboa","MEX","SS",72,72,"628.1",362,"4.93","5.09",1,NA,NA
"891","2024","Nomar Mazara","MTY","RF",68,67,"577.2",101,"1.46","1.54",0,NA,NA
"892","2024","Ramiro Pena","MTY","2B",72,70,"570.1",349,"4.75","5.40",4,NA,NA
"893","2024","Jacob Nottingham","JAL","C",33,29,"245.1",248,"7.36","8.93",3,"4.84",1
"894","2024","Anthony Giansanti","TIJ","LF",51,50,"418.0",99,"1.90","2.09",2,NA,NA
"895","2024","Samar Leyva","PUE","2B",31,21,"185.0",99,"3.13","4.72",0,NA,NA
"896","2024","Ramon Rios","AGS","2B",77,76,"645.1",394,"5.01","5.39",2,NA,NA
"897","2024","Alex Liddi","YUC","1B",12,5,"54.0",49,"4.00","8.00",1,NA,NA
"898","2024","Lazaro Alonso","DUR","1B",33,28,"244.1",243,"7.21","8.78",1,NA,NA
"899","2024","Michael Robles","DUR","2B",40,36,"311.2",194,"4.75","5.50",2,NA,NA
"900","2024","Rodolfo Amador","MVA","3B",32,15,"165.0",48,"1.47","2.56",0,NA,NA
"901","2024","Moises Gutierrez","MEX","2B",23,16,"155.2",96,"4.09","5.46",0,NA,NA
"902","2024","Jack Mayfield","TIJ","SS",67,67,"576.2",288,"4.21","4.41",2,NA,NA
"903","2024","Missael Rivera","SLT","SS",13,12,"102.2",48,"3.62","4.15",1,NA,NA
"904","2024","Junior Lake","TIJ","CF",88,88,"767.0",191,"2.13","2.19",3,NA,NA
"905","2024","Christopher Escarrega","MTY","C",14,12,"107.0",94,"6.57","7.74",2,"4.46",0
"906","2024","Jimmy Kerrigan","LEO","CF",87,87,"746.2",235,"2.64","2.77",0,NA,NA
"907","2024","Italo Motta","LEO","SS",51,42,"361.0",186,"3.57","4.54",2,NA,NA
"908","2024","Manny Olloque","DUR","CF",23,20,"174.2",45,"1.91","2.28",0,NA,NA
"909","2024","Niko Vasquez","TIJ","1B",15,10,"97.0",89,"5.80","8.07",1,NA,NA
"910","2024","Didi Gregorius","LAG","SS",73,72,"600.1",306,"4.10","4.49",1,NA,NA
"911","2024","Takeru Ohashi","TIG","CF",32,31,"268.2",87,"2.66","2.85",1,NA,NA
"912","2024","Hector Mora","CHI","2B",18,8,"81.2",43,"2.33","4.67",0,NA,NA
"913","2024","Jose Martinez","LAR","SS",39,28,"273.0",127,"3.18","4.09",0,NA,NA
"914","2024","Juan Perez","MVA","2B",53,48,"420.1",254,"4.68","5.31",3,NA,NA
"915","2024","Edwin Díaz","SLT","SS",62,58,"509.2",252,"3.97","4.35",6,NA,NA
"916","2024","Edwin Garcia","CAM","2B",10,10,"78.2",42,"4.10","4.73",0,NA,NA
"917","2024","Luis Medina","LEO","SS",14,10,"87.1",41,"2.86","4.14",0,NA,NA
"918","2024","Alejandro Flores","DUR","C",38,31,"285.1",281,"7.21","8.65",6,"5.02",0
"919","2024","Manuel Boscan","DUR","SS",25,17,"159.2",80,"3.12","4.42",1,NA,NA
"920","2024","Diego Madero","SLT","3B",24,9,"118.2",40,"1.63","2.97",0,NA,NA
"921","2024","Juan Uriarte","DUR","C",16,13,"103.0",80,"4.88","6.82",2,"7.69",0
"922","2024","Alejandro Urias","DUR","C",19,2,"50.0",40,"2.05","7.02",0,"5.94",0
"923","2024","Danry Vasquez","LAR","RF",71,71,"599.1",120,"1.65","1.76",0,NA,NA
"924","2024","Cristhian Adames","PUE","SS",88,88,"719.0",431,"4.77","5.26",4,NA,NA
"925","2024","Miguel Guzman","PUE","CF",23,22,"153.2",39,"1.65","2.24",0,NA,NA
"926","2024","Melvin Mercedes","TIG","RF",22,19,"158.0",39,"1.73","2.16",1,NA,NA
"927","2024","Brayan Quintero","CAM","SS",35,31,"260.1",117,"3.26","3.95",1,NA,NA
"928","2024","Alcides Escobar","TIG","2B",75,74,"629.0",348,"4.52","4.85",3,NA,NA
"929","2024","Jonathan Schoop","LAG","2B",67,66,"545.2",304,"4.42","4.89",2,NA,NA
"930","2024","Maikel Serrano","JAL","RF",23,20,"174.0",38,"1.61","1.91",0,NA,NA
"931","2024","Wilfredo Tovar","AGS","3B",28,27,"229.1",75,"2.61","2.87",1,NA,NA
"932","2024","Gilberto Vizcarra","YUC","C",21,7,"76.0",75,"3.48","8.64",2,"4.74",0
"933","2024","Alberth Martinez","LEO","CF",19,16,"134.0",37,"1.89","2.42",0,NA,NA
"934","2024","Carlos Arellano","VER","2B",53,48,"422.2",257,"4.72","5.33",2,NA,NA
"935","2024","Odúbel Herrera","PUE","CF",15,15,"121.2",36,"2.33","2.60",1,NA,NA
"936","2024","Jairus Richards","TIJ","RF",26,16,"152.2",36,"1.35","2.07",1,NA,NA
"937","2024","Asael Sanchez","MTY","RF",16,14,"117.0",36,"2.19","2.69",1,NA,NA
"938","2024","Miguel Guzman","PUE","2B",38,36,"255.1",143,"3.66","4.91",2,NA,NA
"939","2024","Zoilo Almonte","MTY","LF",45,45,"352.2",71,"1.53","1.76",1,NA,NA
"940","2024","Alen Hanson","QRO","2B",48,45,"372.1",248,"5.02","5.83",2,NA,NA
"941","2024","Jose Lizarraga","QRO","C",19,13,"125.1",105,"5.37","7.34",3,"6.68",0
"942","2024","Connor Panas","CAM","RF",53,52,"445.0",105,"1.92","2.06",1,NA,NA
"943","2024","Brandon Villarreal","SLT","LF",28,21,"168.0",35,"1.21","1.82",0,NA,NA
"944","2024","Manuel Boscan","DUR","2B",56,53,"434.1",244,"4.23","4.91",3,NA,NA
"945","2024","Dawel Lugo","TAB","3B",84,82,"699.2",174,"2.01","2.18",4,NA,NA
"946","2024","Leobaldo Piña","CHI","2B",6,6,"47.0",34,"5.50","6.32",1,NA,NA
"947","2024","Adeiny Hechavarría","TAB","SS",31,27,"240.1",99,"3.10","3.60",3,NA,NA
"948","2024","Carlos Sepulveda","MEX","2B",34,21,"211.2",129,"3.68","5.33",3,NA,NA
"949","2024","Hendrik Clementina","LAG","C",4,4,"32.0",32,"7.75","8.72",0,"4.22",0
"950","2024","Agustin Murillo","QRO","3B",16,16,"118.0",32,"1.94","2.36",0,NA,NA
"951","2024","Asael Sanchez","MTY","LF",24,18,"162.1",32,"1.29","1.72",0,NA,NA
"952","2024","Dwight Smith Jr.","JAL","LF",20,16,"127.2",32,"1.55","2.20",0,NA,NA
"953","2024","Jorge Bonifacio","SLT","LF",15,14,"115.1",31,"2.00","2.35",1,NA,NA
"954","2024","Alejandro Gonzalez","OAX","CF",15,8,"77.0",31,"2.00","3.51",1,NA,NA
"955","2024","Fabricio Macias","YUC","LF",18,15,"138.1",31,"1.67","1.96",1,NA,NA
"956","2024","Renato Núñez","OAX","1B",5,5,"41.0",31,"6.00","6.59",0,NA,NA
"957","2024","Jose Manuel Orozco","DUR","RF",58,51,"448.0",124,"2.07","2.41",3,NA,NA
"958","2024","Jorge Bonifacio","TAB","RF",34,33,"295.0",61,"1.74","1.80",2,NA,NA
"959","2024","Luis García","DUR","SS",15,13,"112.0",61,"3.93","4.74",2,NA,NA
"960","2024","Ryan Grotjohn","TAB","2B",17,17,"140.2",61,"3.47","3.79",2,NA,NA
"961","2024","Odúbel Herrera","MVA","RF",38,37,"315.0",61,"1.55","1.69",0,NA,NA
"962","2024","Wilfredo Tovar","AGS","SS",58,58,"476.0",242,"4.03","4.42",4,NA,NA
"963","2024","Drew Stankiewicz","PUE","3B",67,65,"540.1",181,"2.61","2.92",2,NA,NA
"964","2024","Edgar Bravo","CAM","LF",17,15,"125.2",30,"1.71","2.09",0,NA,NA
"965","2024","Alex D. Mejia","SLT","3B",71,70,"578.1",210,"2.86","3.16",1,NA,NA
"966","2024","Melvin Mercedes","TIG","LF",33,23,"225.1",60,"1.76","2.32",1,NA,NA
"967","2024","Yefri Pérez","LEO","2B",13,13,"102.0",60,"4.46","5.12",0,NA,NA
"968","2024","Daniel Sanchez","CAM","C",23,16,"139.1",120,"5.04","7.51",3,"5.56",0
"969","2024","Addison Russell","MVA","SS",82,82,"702.1",415,"4.89","5.14",8,NA,NA
"970","2024","Brayan Mendoza","MTY","CF",24,5,"87.2",29,"1.17","2.90",0,NA,NA
"971","2024","David Rodríguez","TIG","RF",18,18,"151.0",29,"1.56","1.67",0,NA,NA
"972","2024","Gabriel Noriega","TIJ","SS",22,16,"166.1",86,"3.77","4.50",2,NA,NA
"973","2024","Albert Lara","LAG","SS",26,16,"155.0",85,"3.15","4.76",2,NA,NA
"974","2024","Jorge Flores","OAX","SS",70,69,"591.0",339,"4.67","4.98",5,NA,NA
"975","2024","Jose Guadalupe Chavez","JAL","SS",10,6,"59.1",28,"2.70","4.12",0,NA,NA
"976","2024","Juniel Querecuto","OAX","3B",14,9,"77.1",28,"1.93","3.16",0,NA,NA
"977","2024","Jasson Atondo","TAB","SS",63,63,"527.0",278,"4.25","4.58",4,NA,NA
"978","2024","Peter O'Brien","PUE","RF",67,58,"501.2",111,"1.60","1.92",1,NA,NA
"979","2024","Edson Garcia","TIG","SS",28,24,"191.2",83,"2.86","3.77",3,NA,NA
"980","2024","Anthony Alford","CAM","LF",33,33,"256.0",55,"1.61","1.86",0,NA,NA
"981","2024","Yeison Asencio","SLT","LF",16,16,"133.0",27,"1.63","1.76",0,NA,NA
"982","2024","Cade Gotta","LAR","CF",90,89,"768.1",189,"2.02","2.13",3,NA,NA
"983","2024","Keven Lamas","SLT","SS",16,16,"128.0",81,"4.88","5.48",0,NA,NA
"984","2024","Brayan Quintero","CAM","2B",14,12,"90.0",54,"3.71","5.20",0,NA,NA
"985","2024","David Rodríguez","TIG","LF",12,12,"93.0",27,"2.17","2.52",0,NA,NA
"986","2024","Freddy Galvis","LAR","SS",65,65,"539.1",294,"4.35","4.73",6,NA,NA
"987","2024","Willians Astudillo","AGS","3B",48,45,"383.0",106,"2.13","2.40",1,NA,NA
"988","2024","Eduardo Diaz","TIG","RF",28,25,"216.1",53,"1.82","2.13",0,NA,NA
"989","2024","Leobaldo Piña","CHI","3B",69,68,"564.2",185,"2.58","2.84",2,NA,NA
"990","2024","Marco Jaime","AGS","2B",17,12,"113.0",79,"4.47","6.05",1,NA,NA
"991","2024","Angel Aguilar","OAX","3B",11,10,"90.0",26,"2.27","2.50",0,NA,NA
"992","2024","Connor Panas","VER","LF",14,13,"116.0",26,"1.79","1.94",1,NA,NA
"993","2024","Yairo Muñoz","LAR","3B",54,54,"449.2",129,"2.30","2.49",0,NA,NA
"994","2024","Michael Baca","TAB","2B",9,3,"34.0",25,"2.67","6.35",1,NA,NA
"995","2024","Angel Erro","TIG","3B",42,40,"315.1",75,"1.71","2.06",3,NA,NA
"996","2024","Marco Jaime","AGS","RF",19,17,"137.0",25,"1.26","1.58",1,NA,NA
"997","2024","Victor Marquez","DUR","SS",17,13,"105.0",50,"2.82","4.11",2,NA,NA
"998","2024","Angel Aguilar","MVA","2B",38,35,"309.0",197,"4.97","5.50",2,NA,NA
"999","2024","Roberto Valenzuela","MTY","3B",80,77,"652.2",221,"2.65","2.93",6,NA,NA
"1000","2024","Gustavo Nunez","VER","SS",82,82,"694.0",367,"4.29","4.56",8,NA,NA
