"","Year","Name","Team","POS","GP","AB","PA","LOB","SH","SF","GO","AO","GO/AO","BABIP","AB/HR","K%","BB%","BB/K"
"1","2024","Pedro Castellanos","OAX","X",1,1,1,0,0,0,0,0,"-.--","1.000","-.--",0,0,NA
"2","2024","Joseph Uzeta","MEX","C",1,1,1,0,0,0,0,0,"-.--","1.000","-.--",0,0,NA
"3","2024","Luis Medina","PUE","X",5,3,4,0,0,0,1,0,"1.00",".667","-.--",0,0,NA
"4","2024","Jafet Ojeda","YUC","X",8,5,6,0,0,0,0,0,"-.--","1.000","-.--",0.333,0.167,0.5
"5","2024","Manuel Barradas","TAB","X",3,2,2,0,0,0,0,0,"-.--","1.000","-.--",0.5,0,0
"6","2024","Giancarlo Servin","PUE","X",3,4,4,3,0,0,2,0,"2.00",".500","-.--",0,0,NA
"7","2024","Sandber Pimentel","LEO","DH",7,22,30,10,0,0,7,1,"7.00",".529","22.00",0.133,0.233,1.75
"8","2024","Robinson Canó","MEX","2B",78,327,360,130,0,3,90,58,"1.55",".462","23.36",0.114,0.072,0.634
"9","2024","Vimael Machín","JAL","3B",85,304,363,96,1,1,79,68,"1.16",".441","43.43",0.102,0.154,1.514
"10","2024","Ramón Cabrera","YUC","C",3,10,11,2,0,0,1,3,"0.33",".429","10.00",0.182,0.091,0.5
"11","2024","Jose Vargas","QRO","1B",1,5,5,3,0,0,1,0,"1.00",".667","-.--",0.4,0,0
"12","2024","Yurisbel Gracial","QRO","LF",87,348,387,145,0,3,71,76,"0.93",".426","14.50",0.183,0.09,0.493
"13","2024","Lewin Díaz","MEX","1B",75,269,314,105,0,4,52,66,"0.79",".410","14.16",0.172,0.127,0.741
"14","2024","Felix Perez","TAB","DH",43,121,136,52,0,1,22,38,"0.58",".394","20.17",0.125,0.081,0.647
"15","2024","Beder Gutierrez","QRO","X",12,35,41,14,0,0,12,3,"4.00",".375","8.75",0.171,0.146,0.857
"16","2024","Wilfredo Tovar","AGS","SS",87,350,395,115,2,0,101,93,"1.09",".390","50.00",0.071,0.099,1.393
"17","2024","Jerar Encarnacion","OAX","LF",26,93,107,44,0,1,17,17,"1.00",".306","4.90",0.243,0.121,0.5
"18","2024","Sergio Perez","AGS","X",31,52,57,27,0,0,14,7,"2.00",".462","52.00",0.211,0.07,0.333
"19","2024","José Marmolejos","MEX","1B",70,261,322,122,1,4,55,71,"0.77",".405","26.10",0.14,0.171,1.222
"20","2024","Moisés Castillo","AGS","X",7,22,25,9,0,0,0,8,"0.00",".429","11.00",0.24,0.12,0.5
"21","2024","Alexi Amarista","OAX","2B",87,368,401,151,5,2,104,97,"1.07",".376","24.53",0.102,0.057,0.561
"22","2024","Brayan Mendoza","MTY","CF",52,39,45,11,2,0,12,7,"1.71",".433","39.00",0.178,0.089,0.5
"23","2024","Henry Urrutia","LEO","1B",79,288,326,109,0,2,68,71,"0.96",".409","41.14",0.147,0.104,0.708
"24","2024","Aldo Nunez","MVA","2B",9,14,16,9,0,0,2,3,"0.67",".500","-.--",0.25,0.062,0.25
"25","2024","Christopher Escarrega","MTY","C",14,45,48,17,0,0,9,8,"1.13",".485","-.--",0.25,0.062,0.25
"26","2024","Keven Lamas","SLT","SS",79,274,314,112,2,2,72,62,"1.16",".394","24.91",0.15,0.086,0.574
"27","2024","Daniel Cornejo","AGS","RF",53,150,165,65,1,3,33,32,"1.03",".443","75.00",0.218,0.061,0.278
"28","2024","Yeison Asencio","SLT","LF",19,71,74,32,0,0,20,17,"1.18",".393","71.00",0.122,0.041,0.333
"29","2024","Rusney Castillo","QRO","RF",18,74,75,42,0,0,17,23,"0.74",".365","24.67",0.107,0.013,0.125
"30","2024","Sam Travis","DUR","1B",85,334,385,143,1,2,90,85,"1.06",".394","83.50",0.117,0.109,0.933
"31","2024","José A. Martínez","YUC","LF",12,40,47,17,0,1,11,10,"1.10",".382","40.00",0.128,0.106,0.833
"32","2024","Tito Polo","VER","LF",39,126,145,61,3,1,28,26,"1.08",".446","42.00",0.221,0.055,0.25
"33","2024","Yosmany Guerra","QRO","2B",70,241,288,107,1,0,67,63,"1.06",".383","60.25",0.097,0.146,1.5
"34","2024","Juan Centeno","SLT","C",44,121,147,48,2,2,31,28,"1.11",".418","121.00",0.163,0.116,0.708
"35","2024","Balbino Fuenmayor","MVA","DH",66,240,262,119,0,8,51,56,"0.91",".395","18.46",0.221,0.038,0.172
"36","2024","Angel Reyes","AGS","CF",88,327,371,147,0,4,81,74,"1.09",".378","17.21",0.17,0.105,0.619
"37","2024","Aldrem Corredor","MVA","1B",88,329,379,147,0,2,89,75,"1.19",".376","23.50",0.142,0.127,0.889
"38","2024","Franklin Barreto","MEX","CF",76,321,372,117,2,0,70,44,"1.59",".456","20.06",0.266,0.121,0.455
"39","2024","Jesus Loya","CHI","LF",37,108,118,43,1,2,28,32,"0.88",".372","54.00",0.119,0.059,0.5
"40","2024","Victor Marquez","DUR","SS",17,38,47,9,3,0,12,8,"1.50",".433","-.--",0.17,0.128,0.75
"41","2024","Andretty Cordero","AGS","1B",90,363,402,145,4,4,100,95,"1.05",".365","25.93",0.129,0.072,0.558
"42","2024","Nicholas Torres","LAG","RF",85,320,373,134,0,4,77,53,"1.45",".420","21.33",0.228,0.115,0.506
"43","2024","Carlos Sepulveda","MEX","2B",58,153,184,72,3,0,54,30,"1.80",".386","153.00",0.109,0.136,1.25
"44","2024","Danry Vasquez","LAR","RF",87,330,374,148,1,2,92,72,"1.28",".394","55.00",0.152,0.102,0.667
"45","2024","Roel Santos","TAB","CF",55,214,248,80,3,2,60,54,"1.11",".383","71.33",0.133,0.105,0.788
"46","2024","Miguel Guzman","PUE","1B",87,339,364,96,4,4,112,89,"1.26",".350","42.38",0.088,0.041,0.469
"47","2024","Albert Lara","LAG","SS",52,143,158,56,4,1,48,30,"1.60",".388","143.00",0.139,0.057,0.409
"48","2024","Alen Hanson","QRO","2B",80,328,359,137,4,4,80,94,"0.85",".356","20.50",0.145,0.056,0.385
"49","2024","Braxton Davidson","SLT","X",2,3,3,3,0,0,0,0,"-.--","1.000","-.--",0.667,0,0
"50","2024","Xavier Fernández","MEX","C",7,18,22,8,0,1,3,7,"0.43",".375","-.--",0.136,0.136,1
"51","2024","Amilcar Gomez","AGS","RF",33,18,21,6,0,0,2,5,"0.40",".462","-.--",0.238,0.095,0.4
"52","2024","Kelvin Gutiérrez","QRO","SS",87,321,370,146,0,5,115,50,"2.30",".368","29.18",0.146,0.1,0.685
"53","2024","Diago Machado","TIJ","RF",3,3,3,2,0,0,1,0,"1.00",".500","-.--",0.333,0,0
"54","2024","Daniel Mercado","PUE","C",6,3,3,2,0,0,2,0,"2.00",".333","-.--",0,0,NA
"55","2024","José Pirela","MEX","RF",23,75,87,32,0,1,24,13,"1.85",".383","37.50",0.161,0.069,0.429
"56","2024","Arturo Rodriguez","SLT","C",22,51,61,14,3,3,9,21,"0.43",".372","51.00",0.164,0.066,0.4
"57","2024","Cristian Santana","CHI","1B",43,168,179,65,0,1,45,35,"1.29",".389","33.60",0.184,0.045,0.242
"58","2024","Roy Morales","TAB","C",57,166,185,75,2,1,53,50,"1.06",".353","-.--",0.059,0.059,1
"59","2024","Fernando Villegas","SLT","RF",88,317,368,148,1,5,86,80,"1.08",".358","26.42",0.144,0.095,0.66
"60","2024","Diosbel Arias","MEX","3B",47,174,196,91,2,0,46,34,"1.35",".400","34.80",0.199,0.102,0.513
"61","2024","Manuel Boscan","DUR","2B",92,336,387,154,1,2,97,86,"1.13",".355","33.60",0.119,0.098,0.826
"62","2024","Alan Garcia","LEO","X",40,98,107,40,1,2,21,28,"0.75",".385","49.00",0.187,0.056,0.3
"63","2024","Renato Núñez","OAX","DH",13,49,54,16,0,0,14,11,"1.27",".342","16.33",0.148,0.074,0.5
"64","2024","Zoilo Almonte","MTY","LF",78,307,336,131,0,3,77,66,"1.17",".353","13.96",0.199,0.071,0.358
"65","2024","Jonathan Villar","LAG","3B",84,326,376,126,8,1,119,54,"2.20",".384","108.67",0.149,0.098,0.661
"66","2024","Juan Carlos Gamboa","MEX","SS",74,256,304,118,4,0,61,58,"1.05",".398","36.57",0.191,0.132,0.69
"67","2024","Phillip Evans","TIJ","3B",19,68,79,40,0,0,14,22,"0.64",".345","22.67",0.127,0.114,0.9
"68","2024","Ramón Flores","MEX","RF",57,161,191,72,0,1,42,37,"1.14",".392","161.00",0.162,0.147,0.903
"69","2024","Carlos Munoz","AGS","1B",19,31,38,8,0,1,7,10,"0.70",".292","10.33",0.132,0.132,1
"70","2024","Magneuris Sierra","MVA","CF",61,252,277,58,8,1,76,56,"1.36",".380","50.40",0.173,0.054,0.312
"71","2024","Ramon Rios","AGS","2B",79,299,323,146,6,1,117,77,"1.52",".329","74.75",0.05,0.04,0.812
"72","2024","J.J. Matijevic","DUR","LF",69,243,274,107,0,2,67,46,"1.46",".399","81.00",0.197,0.099,0.5
"73","2024","Ali Castillo","LAR","2B",92,371,417,162,3,4,127,106,"1.20",".333","92.75",0.062,0.089,1.423
"74","2024","Julian Ornelas","MEX","LF",79,306,343,154,0,5,77,83,"0.93",".339","19.12",0.155,0.087,0.566
"75","2024","Harold Castro","TIJ","2B",84,331,363,141,5,2,77,98,"0.79",".370","55.17",0.157,0.066,0.421
"76","2024","Marco Chicuate","LEO","C",66,222,246,104,4,0,67,42,"1.60",".393","74.00",0.187,0.077,0.413
"77","2024","Juan Kirk","PUE","C",56,122,141,44,5,3,36,34,"1.06",".369","122.00",0.149,0.057,0.381
"78","2024","Yorman Rodriguez","LEO","C",45,138,157,59,3,1,54,27,"2.00",".333","27.60",0.108,0.083,0.765
"79","2024","Addison Russell","MVA","SS",82,314,363,146,0,2,79,83,"0.95",".365","44.86",0.149,0.124,0.833
"80","2024","Yonathan Daza","OAX","CF",85,352,380,186,5,5,119,79,"1.51",".359","88.00",0.137,0.037,0.269
"81","2024","Greg Bird","JAL","1B",72,262,306,148,0,5,67,78,"0.86",".310","14.56",0.127,0.101,0.795
"82","2024","Sebastián Elizalde","MTY","LF",86,329,374,134,1,4,91,103,"0.88",".332","41.12",0.096,0.104,1.083
"83","2024","Leobaldo Piña","CHI","3B",85,329,369,128,1,2,90,88,"1.02",".366","164.50",0.136,0.092,0.68
"84","2024","Kennys Vargas","LAR","DH",88,323,382,160,0,2,66,61,"1.08",".407","21.53",0.251,0.134,0.531
"85","2024","Yasiel Puig","VER","RF",63,223,261,99,0,1,47,63,"0.75",".321","12.39",0.169,0.096,0.568
"86","2024","Seuly Matias","CHI","CF",21,67,79,29,0,1,16,11,"1.45",".400","22.33",0.253,0.089,0.35
"87","2024","Tomás Telis","AGS","C",62,201,231,83,4,2,80,35,"2.29",".358","201.00",0.126,0.091,0.724
"88","2024","Ramon Hernandez","MVA","3B",82,329,364,157,0,2,64,92,"0.70",".342","14.96",0.198,0.069,0.347
"89","2024","Manuel Orduno","VER","2B",12,16,18,9,0,0,5,3,"1.67",".385","-.--",0.167,0.056,0.333
"90","2024","Brandon Villarreal","SLT","LF",59,160,185,48,5,1,61,31,"1.97",".365","-.--",0.13,0.049,0.375
"91","2024","Yadir Drake","YUC","RF",69,260,289,124,5,2,85,74,"1.15",".303","18.57",0.093,0.069,0.741
"92","2024","Yariel Gonzalez","OAX","3B",65,244,265,101,0,2,60,69,"0.87",".335","22.18",0.155,0.072,0.463
"93","2024","Norberto Obeso","YUC","LF",61,212,257,91,1,0,76,36,"2.11",".366","106.00",0.136,0.163,1.2
"94","2024","Ciro Norzagaray","PUE","2B",43,74,82,36,1,0,25,13,"1.92",".383","-.--",0.171,0.085,0.5
"95","2024","Victor Mendoza","MTY","DH",72,268,314,128,0,4,75,60,"1.25",".345","22.33",0.172,0.134,0.778
"96","2024","Moises Gutierrez","MEX","3B",55,155,179,78,4,2,29,31,"0.94",".417","19.38",0.296,0.095,0.321
"97","2024","Jesse Castillo","QRO","1B",78,288,334,135,0,4,64,108,"0.59",".320","36.00",0.093,0.117,1.258
"98","2024","Anthony García","AGS","RF",76,256,300,132,1,3,56,66,"0.85",".346","17.07",0.197,0.113,0.576
"99","2024","Ramon Mora","LAG","SS",7,13,15,5,0,1,1,8,"0.13",".308","-.--",0.067,0.067,1
"100","2024","Nomar Mazara","MTY","RF",70,270,313,127,0,4,64,74,"0.86",".349","30.00",0.169,0.109,0.642
"101","2024","Luis Barrera","OAX","RF",71,268,305,90,7,1,96,54,"1.78",".356","89.33",0.144,0.089,0.614
"102","2024","Francisco Hernandez","LAG","RF",37,36,41,21,1,0,11,9,"1.22",".367","-.--",0.146,0.049,0.333
"103","2024","Leonys Martin","QRO","RF",82,308,366,159,0,2,50,73,"0.68",".346","10.62",0.254,0.128,0.505
"104","2024","Allen Córdoba","LAG","CF",84,273,338,101,10,3,98,60,"1.63",".348","68.25",0.133,0.115,0.867
"105","2024","Carlos Soto","MTY","C",62,145,177,59,0,2,36,29,"1.24",".381","36.25",0.215,0.158,0.737
"106","2024","Santiago Chávez","MVA","C",37,89,103,37,2,2,20,18,"1.11",".400","29.67",0.272,0.097,0.357
"107","2024","Taylor Motter","YUC","3B",40,152,165,80,0,1,23,44,"0.52",".343","13.82",0.242,0.073,0.3
"108","2024","Cade Gotta","LAR","CF",93,367,433,133,0,3,102,91,"1.12",".350","52.43",0.152,0.132,0.864
"109","2024","Jack Mayfield","TIJ","SS",69,268,298,100,2,1,60,82,"0.73",".352","53.60",0.161,0.081,0.5
"110","2024","Ramiro Pena","MTY","2B",74,278,324,109,13,1,85,86,"0.99",".328","39.71",0.114,0.083,0.73
"111","2024","Yairo Muñoz","LAR","3B",56,202,224,106,0,4,63,47,"1.34",".337","40.40",0.156,0.076,0.486
"112","2024","Daniel Castro","MTY","2B",39,106,119,56,2,2,40,27,"1.48",".323","106.00",0.092,0.076,0.818
"113","2024","Dwight Smith Jr.","JAL","CF",79,265,321,105,1,3,60,66,"0.91",".356","24.09",0.196,0.159,0.81
"114","2024","José Peraza","YUC","2B",79,315,343,151,1,4,95,103,"0.92",".309","45.00",0.079,0.058,0.741
"115","2024","Herlis Rodriguez","VER","CF",90,355,414,112,3,2,102,75,"1.36",".370","71.00",0.184,0.109,0.592
"116","2024","Cristhian Adames","PUE","SS",88,312,368,104,1,0,105,65,"1.62",".340","44.57",0.133,0.144,1.082
"117","2024","Christian Villanueva","MTY","1B",71,259,292,126,0,4,67,68,"0.99",".341","32.38",0.171,0.075,0.44
"118","2024","Francisco Peña","CAM","C",75,236,273,87,3,1,77,57,"1.35",".338","59.00",0.128,0.103,0.8
"119","2024","Roberto Valenzuela","MTY","3B",81,296,330,150,1,0,97,73,"1.33",".321","32.89",0.115,0.088,0.763
"120","2024","Carlos Castro","TIG","C",42,163,173,73,0,0,40,32,"1.25",".333","12.54",0.243,0.046,0.19
"121","2024","Jermaine Palacios","MTY","SS",68,243,260,125,2,1,57,51,"1.12",".394","60.75",0.25,0.046,0.185
"122","2024","Yermín Mercedes","SLT","DH",75,283,317,124,0,1,62,84,"0.74",".336","25.73",0.167,0.085,0.509
"123","2024","Yadiel Hernandez","LAR","LF",93,340,399,151,0,5,88,77,"1.14",".348","24.29",0.195,0.135,0.692
"124","2024","Carlos Peguero","VER","DH",8,20,23,13,0,0,2,1,"2.00",".667","-.--",0.478,0.13,0.273
"125","2024","Lazaro Alonso","DUR","1B",59,167,200,72,0,1,39,26,"1.50",".393","20.88",0.265,0.135,0.509
"126","2024","Aneury Tavárez","TIJ","LF",90,375,417,166,4,1,95,91,"1.04",".364","46.88",0.197,0.065,0.329
"127","2024","Roberto Ramos","OAX","DH",64,201,238,93,0,1,33,52,"0.63",".346","13.40",0.239,0.143,0.596
"128","2024","Pedro Castellano","OAX","3B",40,94,109,47,1,0,22,13,"1.69",".414","23.50",0.294,0.11,0.375
"129","2024","Daniel Palka","LAG","1B",41,141,164,80,0,4,38,30,"1.27",".320","14.10",0.213,0.116,0.543
"130","2024","Rubén Tejada","YUC","SS",73,235,279,88,0,1,59,64,"0.92",".349","58.75",0.154,0.136,0.884
"131","2024","Jose Cardona","MTY","CF",83,327,363,125,3,0,98,94,"1.04",".323","46.71",0.113,0.072,0.634
"132","2024","James Nelson","DUR","3B",85,290,355,153,0,0,70,70,"1.00",".355","32.22",0.18,0.169,0.938
"133","2024","Dean Nevarez","LAG","C",53,145,162,53,2,3,39,32,"1.22",".378","145.00",0.222,0.062,0.278
"134","2024","Francisco Peguero","TAB","LF",73,290,307,118,0,0,100,54,"1.85",".330","29.00",0.163,0.039,0.24
"135","2024","David Rodríguez","TIG","DH",73,247,287,91,1,1,71,35,"2.03",".379","27.44",0.244,0.122,0.5
"136","2024","Manny Garcia","CHI","RF",76,291,315,116,3,1,80,87,"0.92",".328","48.50",0.133,0.048,0.357
"137","2024","Aristides Aquino","MEX","RF",59,220,259,101,0,3,43,55,"0.78",".364","24.44",0.232,0.131,0.567
"138","2024","Tomo Otosaka","YUC","CF",65,237,290,87,6,1,94,36,"2.61",".361","-.--",0.152,0.159,1.045
"139","2024","Jimmy Kerrigan","LEO","CF",89,359,401,152,3,4,67,95,"0.71",".361","22.44",0.244,0.067,0.276
"140","2024","Emmanuel Avila","LEO","3B",69,251,274,127,3,1,82,63,"1.30",".324","41.83",0.131,0.055,0.417
"141","2024","Edgar Bravo","CAM","LF",43,112,126,55,0,1,23,30,"0.77",".369","56.00",0.214,0.079,0.37
"142","2024","Art Charles","YUC","1B",78,252,335,121,0,4,39,48,"0.81",".320","7.64",0.284,0.227,0.8
"143","2024","Donny Sands","TIJ","C",37,120,138,54,0,0,24,27,"0.89",".354","17.14",0.246,0.13,0.529
"144","2024","Willians Astudillo","AGS","3B",69,247,277,103,4,2,89,85,"1.05",".289","82.33",0.025,0.04,1.571
"145","2024","Rainel Rosario","LEO","LF",77,282,331,144,0,3,76,78,"0.97",".316","25.64",0.148,0.124,0.837
"146","2024","Leonardo Reginatto","AGS","1B",80,289,332,142,0,3,57,90,"0.63",".332","26.27",0.184,0.111,0.607
"147","2024","Edwin Espinal","VER","1B",82,310,338,157,0,6,87,105,"0.83",".302","44.29",0.101,0.053,0.529
"148","2024","Carlos Herrera","CHI","SS",74,279,304,113,6,0,100,60,"1.67",".333","69.75",0.145,0.056,0.386
"149","2024","Raudy Read","PUE","1B",71,248,264,130,0,2,70,59,"1.19",".299","14.59",0.186,0.038,0.204
"150","2024","Leobaldo Cabrera","AGS","LF",81,269,315,125,2,3,66,61,"1.08",".342","20.69",0.219,0.124,0.565
"151","2024","Oswaldo Arcia","SLT","RF",85,265,332,125,0,5,42,83,"0.51",".332","18.93",0.208,0.157,0.754
"152","2024","Missael Rivera","SLT","2B",87,328,380,134,7,3,96,106,"0.91",".316","82.00",0.111,0.082,0.738
"153","2024","Rodolfo Amador","MVA","3B",39,77,82,30,0,1,21,23,"0.91",".338","-.--",0.159,0.024,0.154
"154","2024","Cesar Cuevas","TIG","SS",3,7,7,4,0,0,2,1,"2.00",".400","-.--",0.286,0,0
"155","2024","Luis Juarez","YUC","DH",61,224,251,111,0,2,54,66,"0.82",".310","22.40",0.167,0.092,0.548
"156","2024","Asael Sanchez","MTY","LF",47,140,167,68,3,0,42,25,"1.68",".354","28.00",0.216,0.126,0.583
"157","2024","Peter O'Brien","PUE","RF",73,263,302,123,0,3,45,45,"1.00",".396","16.44",0.334,0.093,0.277
"158","2024","Ariel Sandoval","DUR","CF",42,144,167,74,1,3,36,44,"0.82",".325","48.00",0.162,0.108,0.667
"159","2024","Jose Heberto Felix","TAB","C",31,81,85,35,3,0,26,25,"1.04",".304","40.50",0.118,0,0
"160","2024","Drew Ward","DUR","1B",25,81,89,52,0,1,14,8,"1.75",".476","27.00",0.416,0.079,0.189
"161","2024","Marco Jaime","AGS","SS",63,187,223,87,1,2,63,45,"1.40",".331","-.--",0.13,0.139,1.069
"162","2024","Jose Lizarraga","QRO","C",21,53,59,34,2,1,14,20,"0.70",".304","53.00",0.119,0,0
"163","2024","Danny Ortiz","PUE","LF",89,311,368,131,0,5,50,102,"0.49",".283","11.11",0.207,0.139,0.671
"164","2024","Hendrik Clementina","LAG","DH",12,46,51,23,0,0,8,5,"1.60",".480","46.00",0.392,0.078,0.2
"165","2024","Luis Sardinas","LAR","3B",83,315,355,113,6,5,100,89,"1.12",".291","22.50",0.135,0.065,0.479
"166","2024","Johneshwy Fargas","SLT","CF",67,273,299,114,5,1,74,75,"0.99",".333","54.60",0.177,0.043,0.245
"167","2024","Ademar Rifaela","LEO","DH",55,188,210,89,0,1,42,26,"1.62",".419","47.00",0.324,0.076,0.235
"168","2024","Anthony Giansanti","TIJ","CF",68,220,257,115,0,0,49,61,"0.80",".317","20.00",0.187,0.132,0.708
"169","2024","Kristian Delgado","CHI","2B",46,142,161,58,4,0,37,41,"0.90",".333","47.33",0.174,0.075,0.429
"170","2024","Alejandro Rivero","CHI","2B",57,174,192,74,3,0,36,39,"0.92",".395","87.00",0.276,0.042,0.151
"171","2024","Jorge Flores","OAX","SS",73,224,275,95,9,1,71,52,"1.37",".356","-.--",0.175,0.142,0.812
"172","2024","Webster Rivas","YUC","C",68,221,250,91,0,1,40,67,"0.60",".340","31.57",0.212,0.108,0.509
"173","2024","Alex D. Mejia","SLT","3B",73,246,268,96,5,3,84,60,"1.40",".322","82.00",0.153,0.049,0.317
"174","2024","Michael Robles","DUR","2B",46,164,191,64,5,1,42,50,"0.84",".326","41.00",0.168,0.094,0.562
"175","2024","Eric Filia","MVA","LF",83,314,378,120,6,3,123,68,"1.81",".315","104.67",0.116,0.135,1.159
"176","2024","Alejandro Mejia","SLT","1B",82,318,354,166,0,4,82,53,"1.55",".341","16.74",0.277,0.085,0.306
"177","2024","Niko Vasquez","TIJ","3B",79,286,338,136,1,2,71,72,"0.99",".336","35.75",0.195,0.142,0.727
"178","2024","Gabriel Lino","OAX","C",55,179,195,78,1,1,38,41,"0.93",".345","19.89",0.267,0.051,0.192
"179","2024","Gustavo Nunez","VER","SS",82,319,368,140,3,2,115,79,"1.46",".300","45.57",0.111,0.117,1.049
"180","2024","Leo Heras","TAB","RF",56,158,185,70,3,1,35,43,"0.81",".359","79.00",0.216,0.114,0.525
"181","2024","Kyle Martin","OAX","1B",72,273,322,124,0,0,38,89,"0.43",".302","13.00",0.217,0.13,0.6
"182","2024","Julian Escobedo","LAG","LF",59,159,191,76,3,2,42,43,"0.98",".322","31.80",0.183,0.126,0.686
"183","2024","Jonathan Morales","MTY","C",29,76,90,44,4,2,28,20,"1.40",".279","19.00",0.144,0.089,0.615
"184","2024","Saul Garza","TIJ","C",53,163,187,93,1,1,27,34,"0.79",".388","23.29",0.316,0.064,0.203
"185","2024","Alan Espinoza","VER","C",59,192,220,91,4,2,56,54,"1.04",".312","38.40",0.159,0.086,0.543
"186","2024","Jasson Atondo","TAB","SS",63,254,277,108,7,1,92,78,"1.18",".300","-.--",0.079,0.051,0.636
"187","2024","Randy Romero","TAB","CF",75,265,305,90,9,1,83,67,"1.24",".338","265.00",0.17,0.089,0.519
"188","2024","Diego Madero","SLT","3B",40,80,85,44,1,1,21,29,"0.72",".310","-.--",0.118,0.035,0.3
"189","2024","Abraham Almonte","TAB","DH",88,288,366,128,1,1,68,82,"0.83",".300","19.20",0.167,0.202,1.213
"190","2024","Calvin Estrada","JAL","LF",49,84,94,41,0,1,25,22,"1.14",".319","84.00",0.16,0.085,0.533
"191","2024","Freddvil Chevez","DUR","LF",7,22,23,13,0,0,5,1,"5.00",".500","-.--",0.435,0.043,0.1
"192","2024","Carlos Franco","VER","3B",79,253,308,135,0,3,65,58,"1.12",".317","21.08",0.208,0.169,0.812
"193","2024","Henry Alejandro Rodriguez","CHI","DH",70,242,274,113,0,0,75,59,"1.27",".313","48.40",0.153,0.117,0.762
"194","2024","Rio Ruiz","QRO","3B",77,286,329,142,0,4,80,76,"1.05",".319","57.20",0.17,0.119,0.696
"195","2024","Juan Perez","MVA","2B",82,279,324,141,5,4,61,93,"0.66",".320","46.50",0.179,0.102,0.569
"196","2024","Matt Adams","TIJ","1B",62,224,243,120,0,5,43,61,"0.70",".320","18.67",0.263,0.053,0.203
"197","2024","Alcides Escobar","TIG","2B",77,269,298,111,4,4,81,88,"0.92",".292","53.80",0.117,0.054,0.457
"198","2024","Luis Aviles Jr.","DUR","SS",84,332,361,141,0,4,84,83,"1.01",".316","25.54",0.219,0.069,0.316
"199","2024","Bobby Bradley","TIJ","1B",81,273,340,130,0,1,68,50,"1.36",".341","21.00",0.241,0.165,0.683
"200","2024","Anthony Alford","CAM","LF",39,133,150,58,0,0,18,27,"0.67",".384","16.62",0.347,0.107,0.308
"201","2024","Dawel Lugo","TAB","3B",87,329,344,188,4,2,104,83,"1.25",".309","47.00",0.172,0.023,0.136
"202","2024","Juan Carlos Negret","CHI","LF",59,185,195,96,0,1,24,48,"0.50",".390","46.25",0.328,0.026,0.078
"203","2024","Luke Voit","TAB","1B",80,278,339,131,1,3,60,71,"0.85",".286","12.09",0.224,0.153,0.684
"204","2024","Freddy Galvis","LAR","SS",69,242,281,125,0,7,50,71,"0.70",".328","40.33",0.224,0.11,0.492
"205","2024","Alejandro Ortiz","CAM","DH",74,242,266,101,3,4,76,50,"1.52",".309","24.20",0.218,0.056,0.259
"206","2024","Logan Moore","MVA","C",68,216,251,105,1,2,52,50,"1.04",".327","24.00",0.235,0.112,0.475
"207","2024","Alfredo Lopez","DUR","LF",46,183,207,69,0,4,66,51,"1.29",".295","-.--",0.101,0.087,0.857
"208","2024","Juniel Querecuto","OAX","SS",51,198,220,86,5,2,51,55,"0.93",".318","33.00",0.209,0.055,0.261
"209","2024","Drew Stankiewicz","PUE","3B",72,232,266,85,3,2,54,61,"0.89",".329","33.14",0.226,0.105,0.467
"210","2024","Roberto Caro","TIG","LF",34,120,139,47,4,1,27,30,"0.90",".361","60.00",0.259,0.101,0.389
"211","2024","Alejandro Gonzalez","OAX","LF",37,60,70,37,0,0,10,14,"0.71",".400","-.--",0.286,0.1,0.35
"212","2024","Edgar Robles","LAG","CF",40,79,100,32,1,2,24,21,"1.14",".323","-.--",0.16,0.13,0.812
"213","2024","Carlos Martínez","CHI","C",65,204,227,86,1,6,61,68,"0.90",".289","102.00",0.123,0.062,0.5
"214","2024","Alberth Martinez","LEO","RF",87,295,334,131,0,3,75,76,"0.99",".320","42.14",0.207,0.093,0.449
"215","2024","Angel Camacho","YUC","X",50,53,58,28,0,1,16,14,"1.14",".318","-.--",0.172,0.052,0.3
"216","2024","Angel Aguilar","MVA","2B",54,178,195,94,1,3,43,47,"0.91",".310","25.43",0.231,0.041,0.178
"217","2024","Juan Mora","MVA","2B",14,19,23,9,2,0,6,4,"1.50",".385","-.--",0.261,0,0
"218","2024","Ricardo Cespedes","CAM","CF",64,236,254,85,6,1,56,75,"0.75",".317","59.00",0.197,0.031,0.16
"219","2024","Odúbel Herrera","MVA","RF",54,198,223,109,1,0,65,45,"1.44",".301","39.60",0.166,0.099,0.595
"220","2024","Didi Gregorius","LAG","SS",75,271,318,143,1,2,66,100,"0.66",".279","38.71",0.116,0.116,1
"221","2024","Nellie Rodriguez","PUE","X",51,84,99,38,1,1,19,9,"2.11",".400","21.00",0.364,0.101,0.278
"222","2024","Francisco Arcia","LAR","C",77,245,274,113,5,0,78,60,"1.30",".318","122.50",0.175,0.062,0.354
"223","2024","Robbie Glendinning","DUR","SS",41,134,156,62,2,0,30,20,"1.50",".377","22.33",0.327,0.128,0.392
"224","2024","Carlos Garzon","DUR","C",60,157,179,62,1,0,46,29,"1.59",".351","157.00",0.235,0.112,0.476
"225","2024","Edson Garcia","TIG","3B",70,226,248,96,2,3,62,76,"0.82",".277","32.29",0.137,0.06,0.441
"226","2024","Michael Baca","TAB","X",28,23,25,7,0,0,9,0,"9.00",".400","-.--",0.32,0.04,0.125
"227","2024","Hector Mora","CHI","SS",46,92,94,36,1,0,27,15,"1.80",".369","-.--",0.287,0.011,0.037
"228","2024","Chris Carter","PUE","DH",73,242,303,117,0,3,26,55,"0.47",".362","14.24",0.333,0.188,0.564
"229","2024","Maikel Serrano","JAL","RF",61,200,218,106,1,0,61,45,"1.36",".323","100.00",0.197,0.05,0.256
"230","2024","Jose Gaitan","VER","LF",69,235,270,124,7,6,80,56,"1.43",".306","58.75",0.189,0.067,0.353
"231","2024","Angel Erro","TIG","3B",55,185,205,98,2,0,52,59,"0.88",".292","61.67",0.137,0.073,0.536
"232","2024","Aaron Altherr","LAG","LF",45,147,187,72,0,1,23,29,"0.79",".358","16.33",0.31,0.171,0.552
"233","2024","Sebastian Valle","SLT","C",39,120,134,60,4,0,23,25,"0.92",".333","13.33",0.336,0.06,0.178
"234","2024","Tres Barrera","TIJ","C",50,159,181,63,1,2,44,51,"0.86",".271","26.50",0.144,0.088,0.615
"235","2024","Manny Olloque","TIG","DH",42,101,122,45,0,0,14,28,"0.50",".364","50.50",0.27,0.164,0.606
"236","2024","Junior Lake","TIJ","CF",88,315,366,150,1,2,91,69,"1.32",".293","21.00",0.21,0.123,0.584
"237","2024","Rangel Ravelo","LAR","1B",21,74,92,36,0,2,27,17,"1.59",".241","14.80",0.141,0.12,0.846
"238","2024","Blake Rutherford","TIJ","RF",24,74,85,35,2,0,29,13,"2.23",".231","10.57",0.176,0.071,0.4
"239","2024","Billy Hamilton","JAL","CF",63,230,258,85,4,0,54,61,"0.89",".347","-.--",0.233,0.089,0.383
"240","2024","Ricardo Valenzuela","OAX","C",50,156,179,69,6,0,52,43,"1.21",".294","52.00",0.151,0.073,0.481
"241","2024","Efren Navarro","CAM","1B",14,43,47,22,0,0,11,17,"0.65",".263","43.00",0.085,0.085,1
"242","2024","Ali Solis","QRO","C",38,133,146,78,1,1,24,30,"0.80",".329","16.62",0.322,0.068,0.213
"243","2024","Jose Carlos Urena","OAX","RF",70,239,266,124,0,0,62,54,"1.15",".284","15.93",0.233,0.094,0.403
"244","2024","Isaac Rodriguez","TIJ","2B",69,200,241,91,2,0,56,62,"0.90",".293","66.67",0.137,0.149,1.091
"245","2024","Reynaldo Rodriguez","OAX","1B",88,330,365,196,0,4,63,121,"0.52",".264","18.33",0.181,0.082,0.455
"246","2024","Melvin Mercedes","TIG","RF",73,224,257,90,3,0,71,65,"1.09",".300","-.--",0.132,0.097,0.735
"247","2024","Oziel Flores","CHI","2B",60,114,125,43,3,1,36,24,"1.50",".329","114.00",0.232,0.056,0.241
"248","2024","Javier Salazar","MTY","SS",50,122,138,57,3,2,32,45,"0.71",".275","40.67",0.138,0.08,0.579
"249","2024","Carlos Paulino","QRO","C",43,130,153,67,2,1,42,19,"2.21",".298","16.25",0.255,0.118,0.462
"250","2024","Luis Jimenez","CAM","3B",21,75,82,36,0,0,18,22,"0.82",".298","37.50",0.195,0.049,0.25
"251","2024","Jonathan Schoop","LAG","2B",81,293,340,140,0,4,64,84,"0.76",".285","19.53",0.221,0.106,0.48
"252","2024","Edwin Garcia","CAM","SS",27,99,113,41,1,1,30,31,"0.97",".286","99.00",0.133,0.106,0.8
"253","2024","Jesus Martinez","CHI","CF",71,246,281,101,6,1,105,35,"3.00",".309","123.00",0.181,0.089,0.49
"254","2024","Michael De León","LEO","2B",37,139,158,51,2,2,43,32,"1.34",".318","139.00",0.209,0.089,0.424
"255","2024","Juan Camacho","JAL","C",8,24,26,18,0,0,6,7,"0.86",".188","8.00",0.192,0.077,0.4
"256","2024","Alberto Carreon","VER","DH",13,28,30,17,0,0,9,9,"1.00",".250","28.00",0.1,0.067,0.667
"257","2024","Jose Guadalupe Chavez","JAL","2B",67,192,220,90,4,1,56,51,"1.10",".313","192.00",0.191,0.095,0.5
"258","2024","Rogelio Cobos","PUE","X",29,4,6,3,1,0,1,0,"1.00",".---","4.00",0.5,0.167,0.333
"259","2024","Eddy Diaz","LEO","2B",52,148,162,63,4,1,58,37,"1.57",".278","74.00",0.13,0.049,0.381
"260","2024","Jesus Guerrero","LEO","C",6,12,15,4,0,1,5,2,"2.50",".300","-.--",0.2,0.133,0.667
"261","2024","Marco Guzman","CAM","2B",3,8,9,3,0,0,1,2,"0.50",".400","-.--",0.333,0,0
"262","2024","Luis Carlos Martinez","SLT","SS",9,8,9,3,0,0,1,2,"0.50",".400","-.--",0.333,0,0
"263","2024","Patrick Mazeika","MEX","C",13,48,56,30,0,0,12,17,"0.71",".293","-.--",0.125,0.143,1.143
"264","2024","Agustin Murillo","QRO","3B",16,52,65,23,0,1,15,12,"1.25",".325","-.--",0.2,0.138,0.692
"265","2024","Jhon Nuñez","JAL","C",43,148,159,90,1,0,38,29,"1.31",".347","74.00",0.283,0.044,0.156
"266","2024","Takeru Ohashi","TIG","CF",39,128,151,50,3,0,41,17,"2.41",".360","128.00",0.272,0.119,0.439
"267","2024","Isaias Tejeda","CAM","1B",31,100,119,40,0,1,26,27,"0.96",".274","20.00",0.193,0.134,0.696
"268","2024","Juan Uriarte","DUR","DH",41,128,141,63,0,2,31,29,"1.07",".294","18.29",0.27,0.057,0.211
"269","2024","Nick Williams","TIJ","RF",38,128,153,58,2,4,32,30,"1.07",".318","32.00",0.261,0.118,0.45
"270","2024","Adeiny Hechavarría","TAB","2B",69,237,262,123,2,1,48,71,"0.68",".304","29.62",0.237,0.08,0.339
"271","2024","Adrian Tovalin","LAG","1B",65,181,202,75,3,1,52,40,"1.30",".305","30.17",0.238,0.059,0.25
"272","2024","Michael Wing","JAL","2B",37,133,148,67,0,1,31,35,"0.89",".283","19.00",0.236,0.081,0.343
"273","2024","Gabriel Noriega","TIJ","SS",31,89,95,53,1,1,29,16,"1.81",".313","44.50",0.253,0.021,0.083
"274","2024","Connor Panas","CAM","RF",78,259,307,110,0,3,50,96,"0.52",".255","18.50",0.169,0.111,0.654
"275","2024","Jose Aguilar","SLT","CF",65,166,204,79,5,2,59,41,"1.44",".286","55.33",0.157,0.118,0.75
"276","2024","Edwin Díaz","SLT","SS",63,199,236,89,1,6,35,58,"0.60",".313","28.43",0.271,0.11,0.406
"277","2024","Darren Seferina","LAG","2B",33,61,70,42,2,0,15,13,"1.15",".350","61.00",0.286,0.1,0.35
"278","2024","Santiago Gonzalez","DUR","X",43,57,61,24,0,0,18,12,"1.50",".318","-.--",0.213,0.049,0.231
"279","2024","Jose Camacho","LEO","RF",32,78,88,41,0,0,17,16,"1.06",".340","39.00",0.295,0.114,0.385
"280","2024","Jose Martinez","LAR","SS",66,193,227,87,7,1,79,48,"1.65",".264","48.25",0.119,0.097,0.815
"281","2024","Issmael Salas","QRO","3B",38,115,127,47,0,0,33,37,"0.89",".286","-.--",0.134,0.063,0.471
"282","2024","Angelo Castellano","JAL","SS",32,111,126,33,4,1,33,43,"0.77",".250","37.00",0.103,0.071,0.692
"283","2024","Brian Sanchez","TIG","RF",12,37,44,22,0,0,10,8,"1.25",".308","37.00",0.227,0.114,0.5
"284","2024","Antonio Monroy","TIG","X",50,107,117,52,1,0,38,24,"1.58",".299","-.--",0.171,0.051,0.3
"285","2024","Brayan Quintero","CAM","SS",54,165,192,54,5,2,64,40,"1.60",".272","55.00",0.146,0.062,0.429
"286","2024","Ricky Rodriguez","VER","DH",15,33,40,16,1,1,9,4,"2.25",".368","33.00",0.35,0.125,0.357
"287","2024","Leo German","PUE","CF",66,157,179,83,3,1,48,34,"1.41",".313","78.50",0.229,0.084,0.366
"288","2024","Gilberto Vizcarra","YUC","C",25,29,38,13,0,1,9,10,"0.90",".269","-.--",0.105,0.158,1.5
"289","2024","Rubi Silva","QRO","RF",21,54,63,28,1,1,19,10,"1.90",".300","54.00",0.222,0.111,0.5
"290","2024","Héctor Sánchez","LAR","C",44,108,120,62,1,1,24,28,"0.86",".301","27.00",0.267,0.075,0.281
"291","2024","Fabricio Macias","YUC","CF",56,175,191,85,2,2,64,33,"1.94",".296","87.50",0.209,0.052,0.25
"292","2024","Jesus Cordova","JAL","X",12,21,22,8,0,1,3,3,"1.00",".400","21.00",0.5,0,0
"293","2024","Jorge Gonzalez","AGS","X",14,21,23,12,0,0,6,4,"1.50",".333","-.--",0.261,0.087,0.333
"294","2024","Alfredo Hurtado","JAL","C",47,126,143,59,0,1,36,29,"1.24",".278","25.20",0.224,0.105,0.469
"295","2024","Jose Manuel Orozco","DUR","RF",80,240,275,126,0,2,51,54,"0.94",".323","34.29",0.291,0.109,0.375
"296","2024","Daniel Sanchez","CAM","C",25,59,61,25,1,0,15,21,"0.71",".286","-.--",0.164,0.016,0.1
"297","2024","Carlos Arellano","VER","2B",69,207,237,89,10,3,61,56,"1.09",".305","103.50",0.228,0.046,0.204
"298","2024","Jairus Richards","TIJ","RF",56,131,161,58,0,0,30,30,"1.00",".333","131.00",0.248,0.161,0.65
"299","2024","José Rondón","MEX","3B",57,216,250,126,1,1,47,76,"0.62",".256","24.00",0.176,0.116,0.659
"300","2024","Romer Cuadrado","OAX","LF",35,106,120,45,0,0,23,19,"1.21",".311","17.67",0.325,0.117,0.359
"301","2024","Bryant Flete","TIG","3B",20,68,77,30,1,0,23,10,"2.30",".319","68.00",0.26,0.104,0.4
"302","2024","Drew Mendoza","CHI","3B",10,34,38,11,0,0,16,4,"4.00",".286","-.--",0.158,0.105,0.667
"303","2024","Jesus Valdez","VER","DH",57,200,218,117,0,1,60,61,"0.98",".258","40.00",0.151,0.073,0.485
"304","2024","Wendell Rijo","VER","2B",29,94,108,33,3,1,37,21,"1.76",".276","94.00",0.167,0.083,0.5
"305","2024","Japhet Amador","MEX","DH",39,154,179,104,0,4,31,52,"0.60",".265","25.67",0.218,0.112,0.513
"306","2024","Sergio Burruel","CHI","C",40,107,120,47,0,0,23,33,"0.70",".291","53.50",0.217,0.108,0.5
"307","2024","Randy Trejo","TIG","SS",47,56,60,31,0,0,14,5,"2.80",".406","-.--",0.4,0.067,0.167
"308","2024","Arismendy Alcántara","TIG","SS",26,95,105,48,0,0,19,21,"0.90",".310","23.75",0.314,0.095,0.303
"309","2024","Carlos Figueroa","TIG","LF",71,234,274,90,5,0,90,39,"2.31",".303","-.--",0.204,0.109,0.536
"310","2024","Joshua Rodriguez","LAR","3B",8,26,28,20,0,0,3,5,"0.60",".429","-.--",0.429,0.071,0.167
"311","2024","Angel Chavarin","CAM","X",31,48,51,29,0,0,15,8,"1.88",".303","48.00",0.275,0.059,0.214
"312","2024","Fernando Perez","QRO","DH",47,123,146,62,2,2,34,34,"1.00",".290","123.00",0.212,0.11,0.516
"313","2024","Sebastian Garcia","OAX","X",28,22,27,17,0,0,6,7,"0.86",".278","-.--",0.148,0.148,1
"314","2024","Samar Leyva","PUE","2B",50,132,154,55,3,0,47,45,"1.04",".205","18.86",0.084,0.104,1.231
"315","2024","Carlos Mendivil","DUR","C",35,88,95,49,2,2,41,15,"2.73",".260","88.00",0.168,0.032,0.188
"316","2024","Luis Medina","LEO","X",35,53,55,31,1,0,9,13,"0.69",".364","-.--",0.364,0,0
"317","2024","Ryan Grotjohn","TAB","2B",19,62,70,24,0,0,17,15,"1.13",".289","62.00",0.229,0.114,0.5
"318","2024","Demetrius Sims","TIG","SS",28,94,103,41,0,0,14,25,"0.56",".339","94.00",0.33,0.068,0.206
"319","2024","Kevin Medrano","LAR","X",17,18,22,9,0,1,7,4,"1.75",".214","18.00",0.182,0.136,0.75
"320","2024","Jonathan Mendoza","CAM","2B",50,117,121,56,0,1,43,13,"3.31",".317","-.--",0.298,0.017,0.056
"321","2024","Diego Rincones","CAM","LF",17,54,61,34,0,0,19,15,"1.27",".261","-.--",0.131,0.098,0.75
"322","2024","Yefri Pérez","LEO","2B",21,73,78,34,1,1,29,20,"1.45",".250","-.--",0.128,0.038,0.3
"323","2024","Francisco Lugo","TAB","X",29,37,38,18,0,0,13,12,"1.08",".242","-.--",0.105,0.026,0.25
"324","2024","Aderlin Rodríguez","TIJ","DH",46,162,183,108,0,3,47,40,"1.18",".223","16.20",0.235,0.082,0.349
"325","2024","Jecksson Flores","MVA","RF",72,176,213,89,9,0,62,57,"1.09",".241","58.67",0.131,0.075,0.571
"326","2024","Domingo Leyba","TAB","2B",53,153,173,76,1,1,45,45,"1.00",".258","76.50",0.185,0.098,0.531
"327","2024","Justin O'Conner","AGS","C",47,135,151,71,1,4,24,47,"0.51",".255","27.00",0.265,0.066,0.25
"328","2024","Yangervis Solarte","OAX","1B",24,84,96,55,0,2,29,29,"1.00",".216","42.00",0.104,0.104,1
"329","2024","Gabriel Gutierrez","MEX","C",27,75,90,38,4,0,33,21,"1.57",".231","75.00",0.1,0.1,1
"330","2024","Carlos Baez","JAL","RF",19,33,35,18,0,0,11,2,"5.50",".350","-.--",0.371,0.029,0.077
"331","2024","Ryan Aguilar","LAR","1B",63,95,113,61,2,1,22,25,"0.88",".297","95.00",0.274,0.133,0.484
"332","2024","Irving Lopez","PUE","2B",19,57,62,23,4,0,18,26,"0.69",".216","57.00",0.081,0.016,0.2
"333","2024","Fernando Flores","VER","C",27,62,67,38,1,0,27,15,"1.80",".241","-.--",0.119,0.06,0.5
"334","2024","Joshua Fuentes","YUC","3B",67,245,264,130,1,2,58,79,"0.73",".261","81.67",0.227,0.045,0.2
"335","2024","Eduardo Diaz","TIG","RF",42,130,150,66,0,0,21,46,"0.46",".212","14.44",0.24,0.1,0.417
"336","2024","Ti'Quan Forbes","QRO","3B",41,63,74,37,0,1,18,10,"1.80",".282","31.50",0.311,0.081,0.261
"337","2024","Italo Motta","LEO","SS",71,185,212,98,5,1,53,44,"1.20",".276","61.67",0.264,0.085,0.321
"338","2024","Julian Leon","LAG","C",33,78,95,33,3,1,17,13,"1.31",".341","39.00",0.379,0.116,0.306
"339","2024","Jorge Bonifacio","SLT","LF",49,166,198,101,0,4,24,61,"0.39",".234","20.75",0.258,0.121,0.471
"340","2024","Daniel Amaral","MVA","CF",39,93,109,46,3,0,32,23,"1.39",".257","93.00",0.202,0.101,0.5
"341","2024","Dilson Herrera","VER","2B",19,49,58,28,2,2,15,15,"1.00",".263","-.--",0.224,0.086,0.385
"342","2024","Ricardo Serrano","CAM","3B",56,172,192,93,1,2,44,49,"0.90",".246","34.40",0.245,0.078,0.319
"343","2024","José Briceño","MEX","C",46,148,162,85,2,1,48,44,"1.09",".244","148.00",0.179,0.056,0.31
"344","2024","Abiel Amador","AGS","X",6,5,5,4,0,0,2,0,"2.00",".333","-.--",0.4,0,0
"345","2024","Malquin Canelo","VER","X",17,20,21,15,0,0,4,2,"2.00",".400","-.--",0.476,0.048,0.1
"346","2024","Antonio Castaneda","OAX","LF",7,5,7,2,0,0,2,1,"2.00",".250","-.--",0.143,0.286,2
"347","2024","Christopher Gastelum","JAL","2B",52,105,119,59,1,0,40,20,"2.00",".244","52.50",0.21,0.092,0.44
"348","2024","Jefry Marte","LEO","DH",23,80,99,39,0,0,24,24,"1.00",".172","13.33",0.162,0.162,1
"349","2024","Yonathan Mendoza","LEO","2B",4,10,14,1,0,1,5,3,"1.67",".200","-.--",0.071,0.214,3
"350","2024","Ricardo Rincon","VER","1B",10,5,7,5,0,0,0,3,"0.00",".250","-.--",0.143,0.286,2
"351","2024","Alex Robles","CAM","LF",4,10,10,4,0,0,4,3,"1.33",".222","-.--",0.1,0,0
"352","2024","Heber Villalobos","OAX","C",3,5,7,6,0,0,0,2,"0.00",".333","-.--",0.286,0.286,1
"353","2024","Alexis Wilson","TIG","C",65,200,229,81,1,1,47,63,"0.75",".227","25.00",0.227,0.114,0.5
"354","2024","Hans Wilson","AGS","C",7,10,11,6,0,0,2,3,"0.67",".286","-.--",0.273,0.091,0.333
"355","2024","Juan Rodriguez","DUR","3B",50,101,115,55,0,1,30,17,"1.76",".288","101.00",0.304,0.087,0.286
"356","2024","Micker Adolfo","LEO","RF",30,91,106,53,0,0,23,18,"1.28",".241","18.20",0.302,0.104,0.344
"357","2024","Alex Liddi","YUC","1B",61,184,219,69,0,1,40,35,"1.14",".286","30.67",0.338,0.146,0.432
"358","2024","Kevin Vicuña","TIG","SS",11,36,39,12,0,0,5,19,"0.26",".226","-.--",0.128,0.051,0.4
"359","2024","Breyvic Valera","TIJ","2B",18,31,38,12,1,1,10,14,"0.71",".207","-.--",0.079,0.132,1.667
"360","2024","Miguel Ojeda Jr.","VER","C",15,21,25,6,1,0,3,9,"0.33",".214","21.00",0.24,0.08,0.333
"361","2024","Alejandro Flores","DUR","C",45,127,147,79,3,1,30,44,"0.68",".228","42.33",0.224,0.102,0.455
"362","2024","Roldani Baldwin","VER","C",15,48,53,30,1,0,10,10,"1.00",".296","48.00",0.377,0.075,0.2
"363","2024","Walter Ibarra","YUC","2B",15,32,34,19,1,0,10,9,"1.11",".250","-.--",0.235,0.029,0.125
"364","2024","Niko Hulsizer","TIG","RF",11,38,44,19,0,0,2,10,"0.20",".250","12.67",0.432,0.136,0.316
"365","2024","Engel Beltre","CAM","LF",19,60,68,25,0,0,23,13,"1.77",".234","-.--",0.191,0.088,0.462
"366","2024","Logan Brown","SLT","C",29,82,90,40,2,0,30,18,"1.67",".246","-.--",0.233,0.056,0.238
"367","2024","Juan Haro","TIG","C",7,11,12,3,0,0,2,0,"2.00",".500","-.--",0.583,0.083,0.143
"368","2024","Cristian Mejia","OAX","C",9,11,15,5,0,0,2,2,"1.00",".333","-.--",0.333,0.2,0.6
"369","2024","Alay Lago","TIG","3B",10,28,29,11,0,0,9,10,"0.90",".208","-.--",0.138,0,0
"370","2024","Wilson Garcia","AGS","DH",15,51,54,30,0,1,14,17,"0.82",".205","51.00",0.222,0.037,0.167
"371","2024","Luis Santos","MTY","X",40,40,48,20,0,0,9,8,"1.13",".292","-.--",0.333,0.083,0.25
"372","2024","Orlando Pina","PUE","X",36,63,80,24,0,1,14,23,"0.61",".213","63.00",0.2,0.175,0.875
"373","2024","Narciso Crook","TIG","DH",6,23,26,12,0,0,5,7,"0.71",".200","23.00",0.269,0.115,0.429
"374","2024","Jacob Nottingham","JAL","C",44,119,138,63,0,3,28,19,"1.47",".242","23.80",0.399,0.087,0.218
"375","2024","Ismael Alcantara","AGS","X",4,6,6,5,0,0,1,1,"1.00",".333","-.--",0.5,0,0
"376","2024","Yordi Martinez","CAM","X",25,30,34,11,0,0,5,5,"1.00",".333","-.--",0.441,0.118,0.267
"377","2024","Manuel Melendez","VER","X",7,6,6,2,0,0,1,2,"0.50",".250","-.--",0.333,0,0
"378","2024","Jorge Morales","SLT","C",5,6,7,3,0,0,0,3,"0.00",".250","-.--",0.286,0,0
"379","2024","Alonzo Harris","LAR","X",63,67,81,30,1,1,19,23,"0.83",".196","67.00",0.198,0.148,0.75
"380","2024","Carlos Villegas","CAM","3B",26,67,75,26,0,1,22,18,"1.22",".216","-.--",0.227,0.04,0.176
"381","2024","Francisco Cordoba","MEX","C",14,31,37,23,0,0,8,9,"0.89",".150","15.50",0.243,0.108,0.444
"382","2024","Courtney Hawkins","PUE","DH",7,25,28,13,0,0,4,4,"1.00",".333","-.--",0.464,0.107,0.231
"383","2024","Mario Feliciano","PUE","C",30,63,72,26,2,0,15,20,"0.75",".214","63.00",0.278,0.056,0.2
"384","2024","Noah Perio","TIG","1B",10,38,38,23,0,0,14,10,"1.40",".200","-.--",0.211,0,0
"385","2024","Khalil Lee","CHI","CF",3,13,15,8,0,0,4,6,"0.67",".167","-.--",0.067,0.133,2
"386","2024","Jose Luna","VER","LF",12,13,17,8,0,0,3,1,"3.00",".333","-.--",0.412,0.176,0.429
"387","2024","Ronny Rodríguez","CAM","2B",15,46,50,24,0,0,8,16,"0.50",".200","46.00",0.3,0.06,0.2
"388","2024","Max Murphy","SLT","RF",5,20,23,18,0,0,8,4,"2.00",".200","-.--",0.217,0.13,0.6
"389","2024","Yeison Coca","YUC","X",45,90,96,47,4,0,40,13,"3.08",".197","90.00",0.292,0.021,0.071
"390","2024","Lewis Brinson","AGS","RF",16,28,34,21,0,0,6,5,"1.20",".267","-.--",0.382,0.176,0.462
"391","2024","Isboseth Morales","CAM","CF",7,7,7,1,0,0,2,2,"1.00",".200","-.--",0.286,0,0
"392","2024","Channy Ortiz","CHI","2B",4,7,9,7,0,0,2,2,"1.00",".200","-.--",0.222,0.222,1
"393","2024","Omar Renteria","MTY","C",36,49,60,26,3,0,14,12,"1.17",".233","-.--",0.317,0.133,0.421
"394","2024","Dillon Thomas","OAX","CF",2,7,8,3,0,0,1,0,"1.00",".500","-.--",0.625,0.125,0.2
"395","2024","Alejandro Urias","DUR","C",23,28,31,18,1,0,9,9,"1.00",".190","-.--",0.226,0.032,0.143
"396","2024","Emiliano Valencia","TAB","X",14,7,9,7,0,0,6,0,"6.00",".143","-.--",0,0.222,Inf
"397","2024","Hansen Lopez","CHI","C",19,36,42,16,0,0,5,8,"0.63",".278","-.--",0.429,0.119,0.278
"398","2024","German Revilla","TIG","C",16,29,31,16,0,0,9,4,"2.25",".235","-.--",0.387,0.032,0.083
"399","2024","Luis García","DUR","SS",17,45,50,32,1,0,13,12,"1.08",".200","-.--",0.3,0.08,0.267
"400","2024","David Washington","SLT","LF",4,15,16,14,0,0,2,0,"2.00",".500","-.--",0.688,0.062,0.091
"401","2024","Javier Sanchez","DUR","X",18,23,27,13,1,0,7,5,"1.40",".214","-.--",0.333,0.111,0.333
"402","2024","Jose Sermo","DUR","1B",8,31,34,17,0,0,10,6,"1.67",".111","15.50",0.324,0.059,0.182
"403","2024","Maikol Perez","TIG","RF",6,16,16,8,0,0,2,5,"0.40",".222","-.--",0.438,0,0
"404","2024","Fernando Villalobos","MEX","DH",10,8,9,7,0,0,1,2,"0.50",".000","8.00",0.444,0.111,0.25
"405","2024","Jose Orrantia","JAL","3B",22,25,29,12,0,0,3,7,"0.43",".231","-.--",0.414,0.138,0.333
"406","2024","Marcus Chiu","TIG","LF",4,9,12,4,1,0,2,2,"1.00",".250","-.--",0.417,0.167,0.4
"407","2024","Jesus Fabela","MEX","LF",5,9,10,4,0,0,1,4,"0.25",".167","-.--",0.3,0.1,0.333
"408","2024","Carlos Pacheco","CHI","X",22,27,28,24,0,0,5,6,"0.83",".214","-.--",0.464,0.036,0.077
"409","2024","Jorge Rivera","TIG","SS",19,30,31,17,0,0,13,5,"2.60",".143","-.--",0.29,0.032,0.111
"410","2024","Alan Lopez","LEO","X",16,15,17,10,0,0,6,1,"6.00",".125","-.--",0.412,0.118,0.286
"411","2024","Shane Skelly","TIG","3B",17,32,34,16,0,0,5,1,"5.00",".250","-.--",0.706,0.059,0.083
"412","2024","Al Alburquerque","TAB","P",21,0,0,0,0,0,0,0,"-.--",".---","-.--",NA,NA,NA
"413","2024","Luis Amador","TIJ","X",4,4,4,2,0,0,1,1,"1.00",".000","-.--",0.5,0,0
"414","2024","Kevin Armenta","SLT","2B",1,1,1,2,0,0,1,0,"1.00",".000","-.--",0,0,NA
"415","2024","Eduardo Arredono Jr.","CAM","2B",4,7,7,2,0,0,1,4,"0.25",".000","-.--",0.286,0,0
"416","2024","Jacob Barfield","TAB","X",3,1,1,0,0,0,0,0,"-.--",".---","-.--",1,0,0
"417","2024","Omar Bustamante","MVA","C",2,1,1,1,0,0,0,1,"0.00",".000","-.--",0,0,NA
"418","2024","Gerardo Castaneda","PUE","C",4,3,3,2,0,0,2,1,"2.00",".000","-.--",0,0,NA
"419","2024","Braulio Cavero","MVA","X",10,9,10,7,0,0,1,3,"0.33",".000","-.--",0.5,0.1,0.2
"420","2024","Ivan Chavez","VER","X",22,9,9,4,0,0,4,1,"4.00",".000","-.--",0.444,0,0
"421","2024","Bryan Corral","MVA","X",16,5,5,2,0,0,3,1,"3.00",".000","-.--",0.2,0,0
"422","2024","Aldo Flores","AGS","3B",4,3,3,0,0,0,2,0,"2.00",".000","-.--",0.333,0,0
"423","2024","Carlos Garcia","OAX","X",1,1,1,0,0,0,1,0,"1.00",".000","-.--",0,0,NA
"424","2024","Carlos Alberto Gastelum","TIG","2B",1,0,1,0,0,0,0,0,"-.--",".---","-.--",0,1,Inf
"425","2024","Junior Guerra","LAR","P",20,0,0,0,0,0,0,0,"-.--",".---","-.--",NA,NA,NA
"426","2024","Gael Guzman","LAG","X",11,10,11,6,0,0,6,1,"6.00",".000","-.--",0.273,0.091,0.333
"427","2024","Donnie Hart","LAR","P",26,0,0,0,0,0,0,0,"-.--",".---","-.--",NA,NA,NA
"428","2024","Arnaldo Hernandez","LAR","P",37,0,0,0,0,0,0,0,"-.--",".---","-.--",NA,NA,NA
"429","2024","Josuan Hernandez","TIG","3B",2,2,2,1,0,0,0,0,"-.--",".---","-.--",1,0,0
"430","2024","Jesus Higuera","CAM","DH",4,6,6,1,0,0,1,2,"0.50",".000","-.--",0.5,0,0
"431","2024","Shed Long Jr.","TAB","2B",3,6,6,3,0,0,5,0,"5.00",".000","-.--",0.167,0,0
"432","2024","Elmer Lopez","DUR","CF",8,7,7,1,0,0,2,1,"2.00",".000","-.--",0.571,0,0
"433","2024","Ivan Lozano","VER","X",5,2,2,1,0,0,0,0,"-.--",".---","-.--",1,0,0
"434","2024","Eduardo Luna","LAR","C",5,2,3,1,0,0,0,0,"-.--",".---","-.--",0.667,0,0
"435","2024","Christian Morales","SLT","X",3,0,0,0,0,0,0,0,"-.--",".---","-.--",NA,NA,NA
"436","2024","Ivan Morales","LEO","C",7,7,8,4,0,0,0,4,"0.00",".000","-.--",0.375,0.125,0.333
"437","2024","Leonardo Ortiz","MEX","C",1,1,1,0,0,0,0,0,"-.--",".---","-.--",1,0,0
"438","2024","Francisco Perez","MVA","C",1,0,0,0,0,0,0,0,"-.--",".---","-.--",NA,NA,NA
"439","2024","Gersel Pitre","PUE","X",4,6,6,3,0,0,2,3,"0.67",".000","-.--",0.167,0,0
"440","2024","Victor Rodriguez","LAG","2B",1,1,1,0,0,0,1,0,"1.00",".000","-.--",0,0,NA
"441","2024","Gustavo Ruiz","JAL","C",5,7,7,3,0,0,1,4,"0.25",".000","-.--",0.286,0,0
"442","2024","Axel Santos","AGS","X",5,2,2,2,0,0,1,1,"1.00",".000","-.--",0,0,NA
"443","2024","Darnell Sweeney","PUE","X",5,2,2,2,0,0,0,0,"-.--",".---","-.--",1,0,0
"444","2024","Curtis Taylor","LAG","P",15,0,0,0,0,0,0,0,"-.--",".---","-.--",NA,NA,NA
"445","2024","Marcos Valenzuela","LAR","X",6,6,6,0,0,0,5,1,"5.00",".000","-.--",0,0,NA
"446","2024","Juan Vazquez","JAL","X",1,1,1,0,0,0,1,0,"1.00",".000","-.--",0,0,NA
"447","2024","Jose Verdugo","MEX","X",1,1,1,0,0,0,0,0,"-.--",".---","-.--",1,0,0
"448","2024","Cam Vieaux","LAR","P",32,0,0,0,0,0,0,0,"-.--",".---","-.--",NA,NA,NA
"449","2024","Edwin Villavicencio","MEX","C",1,1,1,0,0,0,0,1,"0.00",".000","-.--",0,0,NA
"450","2024","Yandy Yanes","TIG","SS",1,3,3,3,0,0,1,1,"1.00",".000","-.--",0.333,0,0
