Name,Team,Age,G,AB,PA,H,1B,2B,3B,HR,R,RBI,BB,IBB,SO,HBP,SF,SH,GDP,SB,CS,AVG
Jesus Valdez,YUC,32,61,224,246,84,58,18,1,7,39,32,19,4,28,2,1,0,3,3,3,0.375
Leo Heras,YUC,27,66,244,281,80,55,15,7,3,50,38,32,3,50,1,3,1,0,15,7,0.328
Ronnier Mustelier,YUC,32,47,176,194,56,47,7,1,1,25,22,16,2,17,1,1,0,4,3,0,0.318
Diego Madero,YUC,25,54,186,203,59,44,12,2,1,29,21,12,0,25,3,0,2,2,7,3,0.317
Ivan Araujo,YUC,33,48,149,165,47,41,5,0,1,20,14,12,0,28,2,1,1,3,5,0,0.315
Esteban Quiroz,YUC,25,60,196,240,60,34,18,0,8,39,37,39,9,33,2,0,3,4,6,1,0.306
Juan Francisco,YUC,30,9,33,34,10,5,4,0,1,1,7,1,0,9,0,0,0,0,0,0,0.303
Jose Aguilar,YUC,27,55,198,224,58,39,13,0,6,33,21,13,0,37,5,1,6,4,9,2,0.293
Jordany Valdespin,YUC,29,14,48,60,14,11,1,2,0,5,13,12,2,6,0,0,0,1,1,2,0.292
Yuniesky Betancourt,YUC,35,21,83,92,24,19,4,0,1,11,15,4,0,4,0,4,1,2,0,0,0.289
Ricardo Serrano,YUC,31,59,207,224,54,40,10,1,3,22,25,14,0,44,1,1,1,5,1,6,0.261
Sergio Burruel,YUC,25,4,12,15,3,2,1,0,0,2,0,1,0,2,2,0,0,1,0,0,0.25
Hector Paez,YUC,39,39,99,107,23,17,3,0,3,8,10,1,0,17,2,1,3,1,0,0,0.232
Ricky Alvarez,YUC,28,6,23,24,5,4,1,0,0,2,1,0,0,5,1,0,0,0,0,0,0.217
Humberto Sosa,YUC,31,48,167,186,34,22,9,0,3,15,30,12,1,32,0,5,2,6,1,0,0.204
Robi Estrada,YUC,28,27,30,34,6,4,1,0,1,6,4,2,0,8,0,1,1,1,2,0,0.2
Kevin Flores,YUC,32,37,106,118,20,16,4,0,0,15,7,4,0,20,4,0,4,5,2,0,0.189
Francisco Hernandez,YUC,22,29,20,21,2,0,2,0,0,4,2,0,0,9,0,0,1,0,0,0,0.1
Francisco Esparragoza,YUC,34,21,31,40,3,2,1,0,0,4,2,7,0,7,0,1,1,0,0,0,0.097
Ciro Norzagaray,YUC,22,7,7,8,0,0,0,0,0,1,0,1,0,2,0,0,0,0,0,0,0
Ramon Ulises Villa,VER,21,6,9,11,3,3,0,0,0,1,1,1,0,3,0,1,0,0,0,0,0.333
Balbino Fuenmayor,VER,27,52,203,225,63,42,8,0,13,31,46,17,1,30,3,2,0,5,0,0,0.31
Juan Martinez,VER,30,66,258,283,80,61,10,3,6,32,33,22,1,46,0,1,2,7,1,2,0.31
Carlos Lopez,VER,27,65,259,281,78,64,13,0,1,38,29,20,1,42,0,2,0,4,0,2,0.301
Luis Mauricio Suarez,VER,38,59,212,248,62,51,8,1,2,27,21,30,5,30,3,0,3,12,3,1,0.292
Gerson Manzanillo,VER,31,62,216,232,63,50,9,4,0,30,13,13,0,29,1,0,2,3,10,4,0.292
Ivan Jimenez,VER,24,51,149,174,43,33,8,1,1,23,12,19,0,36,3,0,3,2,7,2,0.289
Enrique Osorio,VER,32,60,201,227,56,41,15,0,0,33,22,17,1,29,5,3,1,8,3,1,0.279
Deibinson Romero,VER,30,62,224,261,61,48,8,0,5,25,33,27,1,37,5,5,0,6,1,1,0.272
Alan Espinoza,VER,26,57,201,214,53,38,8,1,6,25,28,8,0,40,3,2,0,3,1,0,0.264
Luis Fonseca,VER,32,50,165,185,39,29,5,0,5,21,15,11,1,38,3,2,4,6,2,1,0.236
Eduardo Dehesa,VER,31,23,56,63,13,9,2,0,2,4,12,2,0,20,2,1,2,1,2,0,0.232
Juan Carlos Garcia,VER,24,12,13,15,3,2,0,0,1,3,4,2,0,3,0,0,0,0,0,0,0.231
Alejandro Rivero,VER,28,58,155,175,33,26,6,0,1,13,14,10,0,20,4,2,4,1,5,1,0.213
Barbaro Canizares,VER,37,18,65,76,13,11,2,0,0,7,3,10,0,11,1,0,0,1,0,0,0.2
Cesar Del Angel,VER,26,11,10,11,1,1,0,0,0,1,0,0,0,3,0,0,1,0,0,0,0.1
Jesus Valenzuela,VER,28,6,6,6,0,0,0,0,0,0,0,0,0,2,0,0,0,0,0,0,0
Gibran Guerra,VER,18,5,7,7,0,0,0,0,0,0,0,0,0,4,0,0,0,0,0,0,0
Cyle Hankerd,TIJ,32,66,241,277,78,48,15,1,14,53,53,22,1,45,13,1,0,11,0,0,0.324
Alfredo Amezaga,TIJ,39,52,203,229,65,53,10,0,2,27,30,18,0,36,4,1,3,11,4,5,0.32
Corey Brown,TIJ,31,71,255,310,80,42,16,4,18,57,65,51,3,80,0,3,1,1,12,2,0.314
Roberto Lopez,TIJ,31,56,164,188,51,36,5,1,9,33,27,22,2,38,1,0,1,1,3,2,0.311
Chris Valencia,TIJ,30,52,76,79,22,20,2,0,0,10,8,2,1,12,1,0,0,1,5,1,0.289
Jose Guadalupe Chavez,TIJ,32,56,194,250,55,42,10,0,3,44,20,50,0,35,4,1,1,5,4,2,0.284
Juan Apodaca,TIJ,30,53,182,205,51,41,6,1,3,29,27,21,0,35,1,1,0,4,0,0,0.28
Gabriel Gutierrez,TIJ,33,19,47,53,13,9,4,0,0,6,6,5,0,6,0,0,1,2,0,0,0.277
Oscar Robles,TIJ,41,30,91,108,25,23,2,0,0,14,11,15,2,4,0,1,1,10,1,3,0.275
Jorge Cantu,TIJ,35,63,213,250,57,34,15,1,7,32,36,29,1,57,4,3,1,4,1,0,0.268
Isaac Rodriguez Salazar,TIJ,26,44,171,195,45,37,4,1,3,26,18,19,0,19,3,1,1,6,4,2,0.263
Alex Liddi,TIJ,28,70,262,299,67,42,8,1,16,51,54,31,0,70,2,3,1,9,7,1,0.256
Dustin Martin,TIJ,33,70,247,304,61,37,15,0,9,46,43,51,7,70,2,3,1,14,17,6,0.247
Juan Kirk,TIJ,21,14,26,31,5,5,0,0,0,2,2,2,0,5,2,0,1,1,0,0,0.192
Joe Munoz,TIJ,23,9,16,17,3,2,0,0,1,2,4,1,0,7,0,0,0,0,0,0,0.188
Omar Quintanilla,TIJ,35,2,1,2,0,0,0,0,0,1,0,1,0,0,0,0,0,0,0,0,0
Ruben Ybarra,TIJ,23,2,2,2,0,0,0,0,0,0,0,0,0,2,0,0,0,0,0,0,0
Edson Garcia,TIJ,24,2,1,1,0,0,0,0,0,1,0,0,0,0,0,0,0,0,0,0,0
Jordan Aboites,TIJ,22,1,0,0,0,0,0,0,0,1,0,0,0,0,0,0,0,0,0,0,0
Pedro Arenas,TIJ,19,7,10,13,0,0,0,0,0,0,0,1,0,1,1,0,1,0,0,0,0
Jordany Valdespin,TAB,29,52,196,225,70,53,12,1,4,42,23,21,1,26,5,1,2,5,14,5,0.357
Sandy Madera,TAB,36,69,258,293,87,63,18,0,6,33,35,31,2,22,2,2,0,5,0,0,0.337
Alex Romero,TAB,33,69,276,307,92,84,5,1,2,40,25,20,3,18,3,2,6,5,3,3,0.333
Kristian Delgado,TAB,23,3,6,6,2,2,0,0,0,2,0,0,0,1,0,0,0,0,0,1,0.333
Yordanys Linares,TAB,28,33,138,149,45,35,6,3,1,20,12,5,1,19,4,0,2,2,8,7,0.326
Alfredo Lopez,TAB,27,29,77,85,25,23,2,0,0,11,2,5,0,7,0,0,3,1,3,0,0.325
Abel Martinez,TAB,40,27,96,107,30,26,2,0,2,14,11,9,0,17,1,1,0,5,0,1,0.313
Eduardo Santos,TAB,24,17,39,40,12,12,0,0,0,3,2,0,0,7,0,0,1,4,0,0,0.308
Sergio Burruel,TAB,25,53,162,183,49,40,8,0,1,12,27,16,0,20,0,1,4,5,0,3,0.302
Sergio Garcia,TAB,26,19,53,61,16,8,3,0,5,9,15,4,0,8,2,1,1,2,3,0,0.302
Marco Guzman,TAB,22,33,96,104,28,19,7,0,2,12,10,3,0,24,0,1,4,2,1,0,0.292
Carlos Orrantia,TAB,35,24,79,84,23,16,6,0,1,9,9,4,0,15,0,0,1,5,2,2,0.291
Carlos Penuelas,TAB,29,33,82,90,22,20,2,0,0,5,9,5,0,10,2,1,0,3,0,2,0.268
Rogelio Noris,TAB,28,47,151,161,40,30,4,1,5,16,20,6,0,29,2,1,1,2,2,2,0.265
Rolando Acosta,TAB,34,33,123,134,32,23,7,0,2,8,10,5,0,19,4,1,1,5,0,1,0.26
Pedro Diaz,TAB,38,28,75,79,19,16,2,0,1,1,13,2,0,15,1,1,0,2,0,1,0.253
Dave Sappelt,TAB,30,14,56,59,14,10,2,1,1,6,3,3,0,9,0,0,0,2,1,1,0.25
Isaias Asencio,TAB,29,4,12,12,3,2,1,0,0,0,0,0,0,5,0,0,0,0,0,0,0.25
Jose Manuel Orozco,TAB,26,24,84,95,20,16,2,1,1,8,6,10,2,18,1,0,0,0,1,1,0.238
Carlos Triunfel,TAB,27,12,52,58,12,12,0,0,0,4,2,4,0,10,2,0,0,1,0,1,0.231
Adrian Gutierrez,TAB,26,26,61,65,14,6,6,0,2,6,11,3,0,9,1,0,0,1,0,0,0.23
Ivan Bellazetin,TAB,30,38,84,97,19,16,2,1,0,14,6,7,0,14,1,1,4,5,2,2,0.226
Cesar Rodriguez,TAB,22,27,40,44,8,5,3,0,0,5,4,4,0,8,0,0,0,1,1,0,0.2
Carlos Morales,TAB,33,37,86,88,14,11,2,0,1,4,6,1,0,20,1,0,0,7,0,0,0.163
Jonathan Herrera,TAB,32,8,22,30,2,2,0,0,0,1,2,3,0,8,0,0,5,0,0,0,0.091
Adrian Nicoli,TAB,20,9,13,14,1,1,0,0,0,0,0,0,0,1,1,0,0,1,2,1,0.077
Gerardo Garcia,TAB,21,4,0,0,0,0,0,0,0,1,0,0,0,0,0,0,0,0,0,0,0
Justin Greene,SAL,31,65,253,289,90,69,11,1,9,58,25,29,0,51,4,1,2,6,34,14,0.356
Max Ramirez,SAL,32,52,182,215,63,44,11,0,8,27,27,29,0,30,3,1,0,7,1,1,0.346
Luis Borges,SAL,36,63,224,243,76,61,14,0,1,29,26,13,2,16,0,0,6,11,1,1,0.339
Jibran Castro,SAL,21,11,15,18,5,3,2,0,0,2,6,2,0,0,0,0,1,0,1,0,0.333
Fabricio Macias,SAL,19,45,96,101,30,25,2,3,0,19,9,5,0,19,0,0,0,1,10,2,0.313
Christian Zazueta,SAL,32,68,270,285,79,58,16,1,4,44,30,7,1,43,4,2,2,4,20,7,0.293
Jose Ruiz,SAL,32,66,260,283,76,50,12,2,12,35,49,20,3,57,2,1,0,10,5,1,0.292
Jose Manuel Orozco,SAL,26,30,85,94,24,18,3,0,3,16,14,8,1,24,0,0,1,1,3,0,0.282
Rainel Rosario,SAL,28,69,263,298,73,49,8,1,15,49,60,30,0,47,2,3,0,8,7,1,0.278
Heber Gomez,SAL,39,38,139,155,38,32,6,0,0,22,14,12,0,22,1,0,3,4,1,0,0.273
Carlos Alvarez,SAL,29,51,136,162,37,26,10,1,0,15,16,19,1,26,4,1,2,1,4,2,0.272
Jose Bernardo Lopez,SAL,27,27,45,50,11,9,2,0,0,6,6,0,0,11,1,1,3,3,0,1,0.244
Rufino Candelario,SAL,31,26,50,51,12,11,1,0,0,6,3,1,0,8,0,0,0,0,0,0,0.24
Oscar Lemus,SAL,30,22,48,51,11,5,6,0,0,5,7,3,0,11,0,0,0,3,0,0,0.229
Jonathan Aceves,SAL,39,56,176,199,40,26,7,0,7,21,26,18,1,38,2,1,2,5,1,1,0.227
Steve Carrillo,SAL,30,14,40,45,8,8,0,0,0,3,2,2,0,9,1,1,1,1,2,1,0.2
Francisco Ferreiro,SAL,23,28,44,46,8,5,3,0,0,2,1,1,0,10,0,0,1,3,1,0,0.182
Roman Pena,SAL,30,18,40,45,5,2,2,0,1,4,4,4,0,17,0,1,0,1,0,0,0.125
Alvaro Gonzalez,SAL,23,5,9,9,1,1,0,0,0,0,1,0,0,2,0,0,0,0,0,0,0.111
Jon Del Campo,SAL,29,1,4,4,0,0,0,0,0,0,0,0,0,2,0,0,0,0,0,0,0
Brian Hernandez,QUI,28,65,241,271,76,58,13,1,4,34,43,23,1,37,3,2,2,14,1,1,0.315
Gilberto Galaviz,QUI,25,38,89,96,28,25,3,0,0,8,8,5,0,4,1,0,1,6,0,1,0.315
Rene Reyes,QUI,39,26,86,99,27,21,2,0,4,12,22,10,0,19,1,0,2,2,0,1,0.314
Carlos Alberto Gastelum,QUI,37,63,243,274,76,63,11,1,1,33,24,16,0,24,7,2,6,8,3,3,0.313
Ramon R Ramirez,QUI,26,47,117,129,36,22,8,0,6,11,20,6,0,33,1,0,5,1,3,2,0.308
Barbaro Canizares,QUI,37,16,54,72,16,13,2,0,1,9,10,15,1,8,1,2,0,2,0,0,0.296
Angel Erro,QUI,22,16,17,19,5,3,2,0,0,3,3,0,0,3,1,0,1,0,1,0,0.294
C.J. Retherford,QUI,31,5,14,18,4,3,1,0,0,3,0,4,1,3,0,0,0,0,0,0,0.286
Ricardo Vazquez,QUI,32,24,40,42,11,8,3,0,0,3,3,1,0,14,0,1,0,2,0,0,0.275
Pedro Ciriaco,QUI,31,38,146,153,39,27,10,0,2,9,16,4,1,25,1,2,0,6,3,2,0.267
Freddy Guzman,QUI,36,44,164,198,43,36,4,3,0,33,7,31,0,30,0,2,1,3,19,5,0.262
Greg Golson,QUI,31,27,100,114,26,22,4,0,0,11,9,12,1,26,2,0,0,2,5,3,0.26
Christian Marrero,QUI,30,47,161,193,41,26,7,1,7,20,23,23,2,30,8,1,0,9,0,1,0.255
Sergio Contreras,QUI,37,53,179,196,45,39,5,0,1,16,16,12,0,28,2,2,1,4,2,2,0.251
Jesus Valenzuela,QUI,28,24,41,45,10,7,1,1,1,4,3,3,0,9,1,0,0,1,0,0,0.244
Brandon Villarreal,QUI,22,51,87,99,19,15,3,0,1,17,5,7,0,16,1,3,1,0,1,2,0.218
Francisco Cordoba,QUI,33,22,62,66,12,10,1,0,1,4,4,1,0,16,0,0,3,0,0,0,0.194
Jose Heberto Felix,QUI,29,20,42,44,8,8,0,0,0,3,1,1,0,2,0,0,1,2,0,0,0.19
Eugenio Velez,QUI,35,16,62,68,11,7,2,0,2,8,11,4,0,5,0,2,0,3,2,1,0.177
Mario Vega,QUI,25,31,47,52,8,6,2,0,0,5,2,2,0,11,1,1,1,0,1,0,0.17
Iker Franco,QUI,36,17,51,56,8,7,0,0,1,2,3,4,0,12,0,1,0,2,0,0,0.157
Jerome Pena,QUI,28,11,32,42,5,3,1,0,1,5,3,9,0,14,0,1,0,0,0,0,0.156
Fernando Alejos,QUI,38,13,24,26,3,1,2,0,0,2,0,2,0,9,0,0,0,0,0,0,0.125
Andres Vizcarra,QUI,20,9,8,8,1,1,0,0,0,0,0,0,0,3,0,0,0,0,0,0,0.125
Alfredo Amezaga,QUI,39,2,5,7,0,0,0,0,0,1,0,2,0,1,0,0,0,0,0,0,0
Eduardo Mendivil,QUI,25,5,4,4,0,0,0,0,0,0,0,0,0,2,0,0,0,0,0,0,0
Hector Garanzuay,PUE,36,6,6,6,3,2,1,0,0,0,3,0,0,1,0,0,0,0,0,0,0.5
Endy Chavez,PUE,39,60,262,288,94,78,11,0,5,38,40,22,1,19,0,0,4,3,1,5,0.359
Jon Del Campo,PUE,29,24,79,89,27,23,4,0,0,15,10,7,1,10,1,2,0,1,3,1,0.342
Jesus Arredondo,PUE,26,69,260,296,85,56,20,1,8,47,52,30,4,44,2,3,1,8,5,3,0.327
Cesar Tapia,PUE,34,65,239,278,78,55,15,0,8,42,40,33,4,27,3,3,0,13,5,0,0.326
Alberto Carreon,PUE,29,71,280,315,86,67,13,2,4,55,34,19,0,36,5,4,7,16,11,7,0.307
Issmael Salas,PUE,34,68,277,309,84,59,16,0,9,36,35,26,1,25,5,0,1,9,2,1,0.303
Daniel Sanchez,PUE,24,26,73,77,22,16,3,0,3,11,11,3,0,12,0,1,0,3,0,0,0.301
Cole Gillespie,PUE,33,41,162,186,48,35,11,0,2,32,26,19,2,34,1,3,1,7,4,2,0.296
Daniel Cornejo,PUE,26,17,44,47,13,12,1,0,0,5,1,1,0,9,1,1,0,1,2,0,0.295
Dan Johnson,PUE,37,30,107,133,31,19,6,1,5,16,19,21,2,23,4,1,0,0,0,1,0.29
Carlos Penuelas,PUE,29,16,45,47,13,12,0,1,0,3,6,1,0,4,0,0,1,0,0,0,0.289
Ricky Rodriguez,PUE,24,66,235,265,67,46,13,1,7,38,46,20,2,72,7,3,0,5,2,3,0.285
J.P. Ramirez,PUE,27,43,117,123,33,27,6,0,0,15,12,3,0,22,2,1,0,6,3,0,0.282
Nate Freiman,PUE,30,28,100,126,28,16,5,1,6,20,18,20,2,18,3,3,0,4,0,0,0.28
Valentin Gamez,PUE,34,29,58,71,16,14,2,0,0,10,6,9,2,8,1,0,3,3,0,0,0.276
Jonathan Salazar,PUE,23,19,30,34,8,7,0,1,0,4,1,3,0,3,0,0,1,0,1,0,0.267
Sergio Perez,PUE,27,36,113,124,30,23,6,1,0,21,10,8,0,22,2,0,1,4,3,1,0.265
Sammy Ayala,PUE,22,9,17,18,3,3,0,0,0,0,2,1,0,7,0,0,0,1,0,0,0.176
Jason Pridie,PUE,33,2,6,8,1,1,0,0,0,0,3,2,0,1,0,0,0,0,0,0,0.167
Francisco Salas,PUE,24,11,22,29,3,3,0,0,0,1,1,3,0,3,3,0,1,1,0,0,0.136
Miguel Guzman,PUE,21,18,15,17,1,1,0,0,0,3,0,0,0,1,0,0,2,0,1,1,0.067
Jaime Brena,OAX,36,48,170,204,57,46,10,0,1,22,11,20,0,19,7,0,7,6,2,1,0.335
Carlos Garzon,OAX,25,5,9,10,3,2,1,0,0,1,2,0,0,0,0,0,1,1,0,0,0.333
Alan Sanchez,OAX,28,64,259,282,86,67,12,2,5,35,33,19,5,43,1,0,3,6,2,4,0.332
Erick Rodriguez,OAX,37,62,186,200,60,54,4,1,1,16,20,11,0,14,0,0,3,4,1,2,0.323
Carlos Lopez,OAX,20,23,47,50,15,11,3,0,1,6,7,2,0,13,0,1,0,0,0,0,0.319
Samar Leyva,OAX,22,66,232,250,69,53,13,1,2,31,25,9,0,34,6,0,2,6,6,3,0.297
Raymundo Torres,OAX,23,46,148,174,42,31,9,0,2,22,14,23,0,37,0,0,3,6,0,2,0.284
Alejandro Gonzalez,OAX,31,63,230,261,65,43,12,5,5,31,38,20,2,61,7,3,1,7,3,1,0.283
Victor Santos,OAX,22,35,44,48,12,7,3,0,2,11,2,1,0,12,1,0,2,3,1,1,0.273
Jose Martinez,OAX,27,62,224,248,61,31,21,3,6,24,28,18,0,56,2,4,0,4,1,1,0.272
Yancarlo Angulo,OAX,30,47,151,175,41,27,10,2,2,21,14,18,0,26,2,1,3,5,0,2,0.272
Mario Valenzuela,OAX,40,65,232,274,59,44,9,0,6,29,29,37,2,55,2,3,0,13,0,2,0.254
Miguel Rodriguez,OAX,22,44,131,143,30,23,6,0,1,13,9,8,0,20,1,1,2,5,0,1,0.229
Adan Munoz,OAX,39,27,101,108,23,18,2,0,3,9,16,4,0,18,3,0,0,3,0,0,0.228
Ismael Martinez,OAX,24,21,65,76,14,6,4,2,2,7,11,9,4,21,2,0,0,3,0,0,0.215
Luis Medina,OAX,22,38,62,73,13,8,3,1,1,11,6,5,0,14,0,0,6,0,3,0,0.21
Juan Rodriguez,OAX,20,20,39,46,6,+,2,0,0,2,1,7,0,7,0,0,0,1,0,0,0.154
Jose Cobos,OAX,36,1,0,0,0,0,0,0,0,0,0,0,0,0,0,0,0,0,0,0,0
Manuel Cruz,OAX,21,1,1,1,0,0,0,0,0,0,0,0,0,1,0,0,0,0,0,0,0
Roman Sesteaga,OAX,20,7,6,6,0,0,0,0,0,0,0,0,0,2,0,0,0,0,1,1,0
Oscar Sanay,MVA,25,39,76,87,28,26,1,0,1,18,8,7,0,9,0,0,4,0,2,2,0.368
Julio Borbon,MVA,31,52,202,231,69,56,9,2,2,40,20,19,3,21,3,3,4,4,8,2,0.342
Amadeo Zazueta,MVA,31,64,256,272,87,60,18,1,8,45,43,12,0,28,1,3,0,7,5,3,0.34
Antonio Lamas,MVA,27,61,209,233,71,55,10,2,4,46,33,18,2,21,3,2,1,7,8,5,0.34
Tim Torres,MVA,33,23,71,92,23,19,1,0,3,15,14,18,1,19,0,3,0,1,2,1,0.324
Manny Rodriguez,MVA,34,66,252,289,81,52,20,0,9,43,65,33,1,35,0,4,0,3,12,2,0.321
Jose Heberto Felix,MVA,29,35,117,126,36,29,6,0,1,19,28,6,0,7,0,1,2,3,0,1,0.308
Willy Taveras,MVA,35,69,286,325,87,62,9,6,10,56,46,18,2,57,17,2,2,2,13,2,0.304
Matt Clark,MVA,30,69,264,303,78,47,16,0,15,45,59,37,6,64,1,1,0,6,0,1,0.295
Nate Freiman,MVA,30,14,52,63,15,11,2,0,2,8,9,10,1,12,1,0,0,1,0,0,0.288
Jose Amador,MVA,37,59,206,241,59,44,10,0,5,32,40,29,1,33,4,2,0,8,1,0,0.286
Rodolfo Amador,MVA,24,54,91,94,25,20,3,0,2,11,12,0,0,6,2,1,0,3,0,2,0.275
Francisco Cordoba,MVA,33,29,86,102,21,18,1,0,2,11,9,9,0,16,2,2,3,1,0,0,0.244
Ruben Rivera,MVA,43,48,122,137,29,18,7,0,4,22,20,13,0,30,1,1,0,1,5,2,0.238
Cole Gillespie,MVA,33,10,36,39,8,5,3,0,0,6,3,3,0,7,0,0,0,0,1,0,0.222
Daric Barton,MVA,31,26,69,96,15,9,3,0,3,18,9,25,0,14,0,1,1,0,0,0,0.217
Sergio Perez,MVA,27,8,14,15,3,2,1,0,0,2,0,1,0,3,0,0,0,1,0,0,0.214
Mario Ivan Santana,MVA,41,17,26,30,5,3,2,0,0,2,3,1,0,5,1,0,2,2,0,1,0.192
Josh Vargas,MVA,24,34,32,34,6,4,2,0,0,10,5,1,0,14,0,1,0,1,2,1,0.188
Jon Del Campo,MVA,29,4,12,14,2,2,0,0,0,2,0,2,1,1,0,0,0,0,1,0,0.167
Carlos Ramirez,MVA,29,11,15,16,2,2,0,0,0,0,1,1,0,6,0,0,0,0,0,0,0.133
Nyjer Morgan,MVA,36,3,9,13,1,1,0,0,0,4,0,2,0,1,2,0,0,0,0,0,0.111
Kyle Blanks,MVA,30,3,13,13,1,0,0,0,1,1,2,0,0,5,0,0,0,0,0,0,0.077
Chris Roberson,MTY,37,65,274,313,105,65,24,3,13,61,46,26,7,42,4,7,2,5,12,7,0.383
Asael Sanchez,MTY,23,14,37,41,14,12,2,0,0,6,8,3,0,7,1,0,0,0,0,0,0.378
Zoilo Almonte,MTY,28,70,286,323,106,66,28,1,11,53,48,29,5,59,5,3,0,5,0,0,0.371
Said Gutierrez,MTY,37,38,124,139,44,35,4,0,5,15,28,7,0,15,5,1,2,7,0,0,0.355
Victor Mendoza,MTY,26,24,62,66,22,12,4,0,6,9,21,3,0,11,0,0,1,2,0,0,0.355
Ramon Rios,MTY,29,62,254,276,87,71,11,1,4,45,24,15,0,22,1,3,3,11,0,0,0.343
Leo German,MTY,24,65,207,231,69,57,11,1,0,35,17,12,1,43,3,2,7,8,14,6,0.333
Agustin Murillo,MTY,35,31,114,127,36,28,4,0,4,18,14,12,1,11,0,0,1,3,1,2,0.316
Moises Gutierrez,MTY,22,43,104,119,32,23,4,1,4,17,22,8,0,23,2,4,1,4,0,0,0.308
Alex Valdez,MTY,32,67,241,287,69,46,10,1,12,44,44,39,7,44,1,6,0,1,1,1,0.286
Felix Perez,MTY,32,28,102,117,29,20,2,1,6,19,23,9,2,22,4,2,0,3,0,1,0.284
Luis Juarez,MTY,27,67,276,297,77,47,17,1,12,47,62,15,0,26,3,3,0,9,2,2,0.279
Luis Flores,MTY,30,20,52,53,14,8,3,0,3,7,4,0,0,8,0,0,1,1,0,0,0.269
Walter Ibarra,MTY,29,53,201,215,54,43,10,1,0,22,15,11,1,41,0,1,2,6,2,1,0.269
Roberto Valenzuela,MTY,22,34,74,85,18,15,2,1,0,13,7,4,0,6,1,1,5,1,0,0,0.243
Arturo Rodriguez,MTY,25,26,92,102,22,16,3,1,2,8,10,6,0,16,0,1,3,4,0,0,0.239
Gilberto Carrera,MTY,22,8,5,5,1,1,0,0,0,4,0,0,0,2,0,0,0,1,0,0,0.2
Heber Gomez,MTY,39,1,1,1,0,0,0,0,0,0,0,0,0,0,0,0,0,0,0,0,0
Jesus Anguamea,MEX,23,1,1,1,1,1,0,0,0,0,0,0,0,0,0,0,0,0,0,0,1
Carlos Figueroa,MEX,25,68,279,308,99,86,9,3,1,65,21,22,2,45,1,1,5,5,23,5,0.355
Jose Augusto Figueroa,MEX,24,40,117,123,41,30,7,3,1,18,14,4,0,26,1,0,1,4,1,2,0.35
Hans Wilson,MEX,31,14,35,36,12,12,0,0,0,2,5,0,0,4,0,0,1,2,1,0,0.343
Ivan Terrazas,MEX,33,68,260,280,89,63,23,0,3,33,49,16,3,32,1,0,3,10,0,1,0.342
Raymundo Torres,MEX,23,7,9,12,3,2,0,0,1,3,1,3,0,2,0,0,0,0,0,0,0.333
Juan Carlos Gamboa,MEX,26,29,85,101,28,20,6,0,2,14,12,14,1,15,1,1,0,2,3,1,0.329
Ramon Urias,MEX,23,70,257,309,84,51,21,1,11,60,57,26,0,57,20,3,3,10,8,5,0.327
Alejandro Ortiz,MEX,27,39,119,132,38,25,11,0,2,18,17,10,2,22,2,1,0,3,0,3,0.319
Julian Ornelas,MEX,20,14,38,42,12,9,3,0,0,3,6,4,0,12,0,0,0,0,0,0,0.316
Jesus Fabela,MEX,22,48,149,179,46,32,8,1,5,30,21,20,0,14,4,1,5,5,3,2,0.309
Jose Carlos Urena,MEX,22,54,162,185,50,33,10,0,7,24,22,18,3,48,3,2,0,5,0,0,0.309
Emmanuel Avila,MEX,28,62,243,260,72,47,15,2,8,30,38,12,3,17,3,1,1,8,0,0,0.296
Eduardo Revilla,MEX,24,40,117,128,33,26,6,0,1,12,12,6,0,30,2,0,2,8,0,0,0.282
Jorge Vazquez,MEX,35,34,114,138,32,21,3,0,8,18,24,22,3,29,1,1,0,9,0,0,0.281
Refugio Cervantes,MEX,38,29,94,105,25,15,6,0,4,7,21,8,0,18,1,1,1,6,1,0,0.266
Luis Alfonso Garcia,MEX,38,16,51,62,13,9,1,0,3,11,9,7,0,10,2,2,0,3,0,0,0.255
Ricardo Valenzuela,MEX,26,49,134,152,34,31,2,0,1,16,11,15,0,17,0,1,2,5,0,4,0.254
Roman Sesteaga,MEX,20,5,12,14,3,3,0,0,0,2,0,2,0,5,0,0,0,0,0,0,0.25
Sergio Gastelum,MEX,38,37,97,113,24,19,5,0,0,7,10,12,1,13,1,1,2,5,0,0,0.247
Rolando Acosta,MEX,34,5,13,17,3,3,0,0,0,3,0,2,0,3,2,0,0,0,0,0,0.231
Omar Meza,MEX,20,23,48,56,11,9,2,0,0,8,8,6,0,6,1,0,1,5,1,2,0.229
Gabriel Gomez Topete,MEX,22,13,15,17,3,3,0,0,0,0,0,2,0,3,0,0,0,0,0,0,0.2
Yousamot Cota,MEX,23,33,37,44,7,5,2,0,0,6,1,5,0,6,1,1,0,2,0,0,0.189
Orlando Pina,MEX,19,17,35,41,6,5,1,0,0,3,4,3,0,12,1,2,0,2,0,0,0.171
Jesus Lopez,MEX,29,2,6,8,1,0,1,0,0,1,0,1,0,3,1,0,0,0,0,0,0.167
Eduardo Arredondo,LEO,32,33,124,141,41,37,2,1,1,14,8,11,0,9,0,1,2,2,0,3,0.331
Marco Chicuate,LEO,24,21,52,56,17,13,2,0,2,5,6,1,0,8,0,1,2,3,0,0,0.327
Carlos Valencia,LEO,37,20,72,75,23,17,2,0,4,13,15,2,0,14,1,0,0,4,0,1,0.319
Niko Vasquez,LEO,28,34,122,138,37,24,10,0,3,20,17,11,1,37,4,1,0,2,6,2,0.303
Miguel Torrero,LEO,33,62,213,231,64,57,4,1,2,24,26,11,1,17,5,1,1,6,4,1,0.3
J.C. Linares,LEO,32,19,61,75,18,12,4,0,2,18,4,14,1,11,0,0,0,3,1,0,0.295
Donald Lutz,LEO,28,10,38,45,11,10,1,0,0,8,5,5,3,13,1,1,0,0,2,1,0.289
Juan Miranda,LEO,34,19,60,78,17,12,3,0,2,11,18,13,0,13,4,1,0,2,0,0,0.283
Hector Hernandez,LEO,34,50,170,192,48,40,8,0,0,19,21,16,1,18,1,2,3,6,1,1,0.282
Gilberto Mejia,LEO,34,6,22,30,6,6,0,0,0,5,2,5,0,3,1,0,2,0,0,2,0.273
Israel Nunez,LEO,31,23,67,77,18,14,2,0,2,7,8,5,0,6,0,0,4,0,0,0,0.269
Jose Luna,LEO,24,38,75,75,20,15,4,0,1,7,9,0,0,11,0,0,0,1,0,0,0.267
Alfredo Marte,LEO,28,44,156,177,41,30,4,1,6,26,25,15,1,33,5,1,0,2,5,1,0.263
Leandro Castro,LEO,28,69,269,292,69,41,15,0,13,35,43,18,2,35,2,3,0,12,6,7,0.257
Rico Noel,LEO,28,10,48,51,12,8,2,0,2,5,5,3,1,15,0,0,0,1,5,2,0.25
Ryohei Shimabukuro,LEO,27,3,12,15,3,2,1,0,0,2,5,2,0,2,1,0,0,0,0,0,0.25
Robert Vasquez,LEO,30,4,8,9,2,1,0,0,1,1,2,1,0,1,0,0,0,1,0,0,0.25
Omar Renteria,LEO,27,29,41,50,10,8,1,0,1,4,3,4,0,11,1,0,4,2,1,0,0.244
Sergio Garcia,LEO,26,33,117,125,28,19,5,2,2,14,7,1,0,24,1,2,4,1,2,0,0.239
Leslie Anderson,LEO,35,21,76,83,18,13,5,0,0,8,4,5,0,11,1,1,0,2,0,0,0.237
Brandon Macias,LEO,28,61,182,206,43,28,7,0,8,22,33,17,1,48,3,2,2,1,2,2,0.236
Daniel Hinojosa,LEO,32,9,19,23,4,4,0,0,0,3,0,3,0,5,0,0,1,1,0,0,0.211
Junior Lake,LEO,27,6,24,27,5,1,3,1,0,5,3,3,0,4,0,0,0,0,0,0,0.208
Reynaldo Rodriguez,LEO,30,17,63,71,13,12,0,0,1,8,2,8,0,15,0,0,0,0,5,2,0.206
Adan Munoz,LEO,39,21,64,71,12,9,1,0,2,8,7,7,1,19,0,0,0,1,0,0,0.188
Olmo Rosario,LEO,36,13,46,51,8,6,2,0,0,3,2,5,0,7,0,0,0,4,1,1,0.174
Miguel Olivo,LEO,38,20,69,72,11,8,1,1,1,5,6,2,0,24,0,1,0,5,1,0,0.159
Joshua Banuelos,LEO,25,7,13,16,2,1,0,1,0,1,1,1,0,3,2,0,0,0,0,0,0.154
Marco Jaime,LEO,20,34,34,37,4,2,0,2,0,9,4,3,0,9,0,0,0,1,0,0,0.118
Hector Hernandez,LAG,34,6,7,8,4,3,0,0,1,4,4,1,0,0,0,0,0,1,0,0,0.571
Roman Pena,LAG,30,11,14,17,5,4,1,0,0,3,7,3,0,7,0,0,0,0,0,0,0.357
Francisco Lugo,LAG,25,56,208,226,72,59,7,1,5,39,34,9,0,23,4,0,5,6,5,2,0.346
Robert Vasquez,LAG,30,23,79,97,27,21,3,2,1,17,12,14,1,23,2,1,1,0,3,2,0.342
Alberto Callaspo,LAG,34,21,81,93,27,22,5,0,0,14,13,9,1,11,1,2,0,2,1,2,0.333
Ricky Alvarez,LAG,28,66,267,290,88,50,23,2,13,49,75,13,2,35,6,4,0,12,5,2,0.33
Carlos Mendivil,LAG,23,21,55,59,18,10,6,0,2,9,12,4,0,6,0,0,0,4,1,1,0.327
Welington Dotel,LAG,31,69,273,297,89,62,14,4,9,56,41,19,2,58,2,1,2,6,14,13,0.326
Anderson Hernandez,LAG,34,72,291,318,91,61,20,6,4,57,49,22,2,44,0,2,2,8,6,1,0.313
Jaime Pedroza,LAG,30,45,147,183,45,32,10,0,3,22,21,30,3,39,2,2,2,1,4,3,0.306
Diory Hernandez,LAG,33,17,66,73,20,11,4,1,4,17,8,5,0,13,1,1,0,2,1,0,0.303
Alejandro Flores,LAG,21,62,198,221,57,34,16,2,5,33,33,17,0,69,2,0,4,2,1,3,0.288
Ethan Chapman,LAG,27,65,216,243,62,48,8,1,5,40,20,19,3,58,2,4,2,1,15,6,0.287
Carlos Eduardo Gonzalez,LAG,32,20,33,42,9,4,3,0,2,6,7,7,0,6,0,1,1,0,0,1,0.273
Brad Snyder,LAG,35,65,228,262,61,32,17,0,12,35,41,31,1,66,1,2,0,4,0,1,0.268
Jonathan Jones,LAG,27,41,145,168,35,21,7,1,6,38,25,17,0,31,4,1,1,4,6,3,0.241
Kristian Delgado,LAG,23,36,105,115,25,17,7,1,0,14,10,5,0,8,1,2,2,1,2,0,0.238
Israel Nunez,LAG,31,7,15,16,3,1,2,0,0,2,2,1,0,5,0,0,0,0,0,0,0.2
Jerome Pena,LAG,28,26,67,78,12,5,3,0,4,13,14,10,0,37,0,0,1,0,1,1,0.179
Alan Lopez,LAG,21,10,6,6,1,1,0,0,0,1,0,0,0,3,0,0,0,0,0,1,0.167
Pedro Chavarria,LAG,23,11,9,11,1,1,0,0,0,1,2,2,0,4,0,0,0,0,0,0,0.111
Abraham Lopez,LAG,21,11,10,11,1,1,0,0,0,2,1,1,0,4,0,0,0,0,0,0,0.1
Armando Lomeli,LAG,24,2,2,2,0,0,0,0,0,0,0,0,0,2,0,0,0,0,0,0,0
Francisco Esparragoza,LAG,34,5,7,9,0,0,0,0,0,0,0,2,0,0,0,0,0,2,0,0,0
Nestor Linares,LAG,22,1,1,1,0,0,0,0,0,0,0,0,0,0,0,0,0,0,0,0,0
Yadir Drake,DUR,27,71,260,300,100,63,21,2,14,46,61,28,3,39,7,5,0,8,6,4,0.385
Daniel Mayora,DUR,31,70,269,302,98,75,15,0,8,46,38,28,1,40,3,2,0,10,8,0,0.364
Humberto Castro,DUR,26,51,141,156,49,44,3,0,2,23,15,10,0,16,4,0,1,7,2,2,0.348
Jesus Rivera,DUR,39,44,141,158,47,36,11,0,0,12,20,14,1,15,1,0,2,6,3,0,0.333
Jairo Perez,DUR,29,61,234,252,76,53,14,0,9,37,47,11,0,29,5,1,1,13,6,3,0.325
Henry Alejandro Rodriguez,DUR,27,71,291,313,84,63,16,1,4,41,30,14,2,44,4,2,2,6,3,0,0.289
Santiago Gonzalez,DUR,33,52,152,163,43,29,12,1,1,20,17,8,0,26,3,0,0,5,1,1,0.283
Daniel Hinojosa,DUR,32,23,82,96,23,20,3,0,0,18,7,13,0,22,0,1,0,2,1,1,0.28
Javier Salazar,DUR,20,69,246,274,64,51,10,3,0,36,18,23,1,39,0,1,4,9,9,2,0.26
Jesus Alberto Vega,DUR,35,37,104,121,27,16,7,0,4,14,21,10,0,23,4,1,2,2,0,0,0.26
Daniel Nunez,DUR,35,68,216,257,56,51,3,2,0,29,14,31,0,32,7,1,2,5,3,7,0.259
Adan Velazquez,DUR,27,29,74,83,17,15,1,0,1,4,8,6,0,9,0,1,2,4,1,0,0.23
Enrique Trujillo,DUR,30,30,50,57,11,11,0,0,0,5,3,6,0,12,0,1,0,4,4,1,0.22
Angel Chavarin,DUR,26,30,69,74,15,14,1,0,0,2,5,4,0,25,1,0,0,1,0,2,0.217
Jesus Loya,DUR,25,40,75,79,14,11,1,1,1,11,6,3,0,25,0,0,1,1,1,1,0.187
Isidro Pina,DUR,28,49,107,122,19,17,2,0,0,9,8,10,0,27,1,1,3,9,0,0,0.178
Gaudencio Aguirre,DUR,44,1,0,0,0,0,0,0,0,0,0,0,0,0,0,0,0,0,0,0,0
Ivan Gamero,DUR,34,1,1,1,0,0,0,0,0,0,0,0,0,0,0,0,0,0,0,0,0
Cesar Del Angel,DUR,26,4,6,7,0,0,0,0,0,0,0,0,0,1,0,0,1,1,0,0,0
Abraham Gonzalez,DUR,21,2,2,2,0,0,0,0,0,0,0,0,0,0,0,0,0,0,0,0,0
Domingo Castro,CAM,37,22,55,61,19,18,1,0,0,7,10,3,0,6,1,0,2,1,1,0,0.345
Jasson Atondo,CAM,21,17,30,33,10,9,1,0,0,3,2,3,0,3,0,0,0,1,0,1,0.333
Jesus Navarro,CAM,29,17,25,27,8,5,2,0,1,2,3,2,0,9,0,0,0,0,0,0,0.32
Frank Diaz,CAM,33,69,270,298,85,54,19,1,11,40,46,25,1,41,1,2,0,6,2,0,0.315
Paul Leon,CAM,28,60,213,238,67,46,13,0,8,35,34,18,0,42,3,1,3,3,1,0,0.315
Yosmany Guerra,CAM,34,69,283,317,86,60,13,11,2,42,26,29,2,38,3,1,1,9,3,5,0.304
Oscar Williams,CAM,25,54,134,153,38,32,4,1,1,22,18,10,0,34,4,2,2,4,2,0,0.284
C.J. Retherford,CAM,31,59,220,250,62,44,10,0,8,33,26,21,1,49,5,4,0,9,2,0,0.282
Roberto Valencia,CAM,28,31,50,60,14,9,4,0,1,5,3,5,1,6,2,0,3,1,0,0,0.28
Engel Beltre,CAM,27,69,276,307,76,60,8,2,6,39,28,18,1,41,7,0,6,5,10,4,0.275
Fernando Flores,CAM,25,66,238,255,64,44,15,1,4,24,39,9,2,40,0,6,2,4,0,2,0.269
Maxwell Leon,CAM,33,64,243,273,65,45,15,1,4,39,35,19,2,56,6,3,2,3,5,1,0.267
Francisco Rivera,CAM,28,39,78,92,20,16,4,0,0,8,5,14,1,16,0,0,0,7,0,0,0.256
Eliseo Aldazaba,CAM,26,60,206,235,49,26,17,1,5,32,28,20,1,48,5,3,1,2,7,4,0.238
Jorge Sesma,CAM,20,24,18,20,4,4,0,0,0,5,3,1,0,6,1,0,0,1,0,1,0.222
Fernando Inzunza,CAM,18,10,17,18,2,2,0,0,0,2,0,0,0,3,1,0,0,1,0,0,0.118
Albert Canedo,CAM,21,17,16,17,1,1,0,0,0,1,0,1,0,5,0,0,0,2,0,0,0.063
Jorge Gonzalez,AGS,19,6,9,9,5,4,0,0,1,5,4,0,0,2,0,0,0,0,0,0,0.556
Michael Wing,AGS,28,11,32,37,14,10,2,0,2,5,10,2,0,6,1,2,0,2,0,1,0.438
Jesus Castillo,AGS,34,72,275,324,101,67,19,0,15,55,61,47,9,47,1,1,0,7,8,4,0.367
Dave Sappelt,AGS,30,42,176,203,57,36,15,1,5,37,21,25,1,25,1,1,0,2,2,2,0.324
Julian Castro,AGS,28,37,136,149,44,33,7,1,3,23,17,6,0,20,0,0,7,3,3,2,0.324
Saul Soto,AGS,38,71,253,312,80,60,12,0,8,38,42,55,3,41,0,4,0,13,0,0,0.316
Cristhian Presichi,AGS,36,66,245,282,74,62,11,1,0,42,30,29,1,30,1,4,3,7,10,5,0.302
Diory Hernandez,AGS,33,23,90,98,27,19,6,1,1,15,12,7,1,15,0,1,0,2,0,0,0.3
Eliezer Ortiz,AGS,29,60,214,231,63,49,11,2,1,22,29,9,0,47,4,1,3,7,5,3,0.294
Carlos Rodriguez,AGS,35,66,252,269,74,44,17,2,11,33,46,15,1,72,1,1,0,11,0,0,0.294
Quincy Latimore,AGS,28,17,67,75,19,15,0,0,4,12,11,7,0,16,0,1,0,1,0,2,0.284
Jose Vargas,AGS,29,48,158,173,44,26,7,1,10,27,28,11,0,49,1,1,2,0,4,6,0.278
Edson Garcia,AGS,24,49,180,205,47,33,7,3,4,26,16,11,0,30,5,0,9,2,3,2,0.261
Richy Pedroza,AGS,25,63,180,221,40,31,8,0,1,28,17,30,0,36,4,1,5,3,6,3,0.222
Aldo Flores,AGS,21,16,43,45,9,8,0,0,1,5,2,2,0,14,0,0,0,0,0,0,0.209
Leonardo Rodriguez,AGS,36,19,24,28,5,5,0,0,0,2,0,1,0,3,2,0,1,3,0,0,0.208
J.C. Linares,AGS,32,22,73,83,15,9,2,0,4,13,10,8,2,7,1,0,1,5,0,1,0.205
Amilcar Gomez,AGS,22,33,51,61,10,6,1,1,2,9,7,8,0,12,0,0,2,2,0,0,0.196
Arel Campoy,AGS,21,29,48,62,9,4,4,0,1,9,7,6,0,12,4,1,3,0,0,0,0.188
Genaro Andrade,AGS,32,6,16,18,2,1,1,0,0,1,2,1,0,5,1,0,0,0,0,0,0.125
Miguel Torres,AGS,29,1,1,1,0,0,0,0,0,0,0,0,0,0,0,0,0,0,0,0,0
